<?xml version="1.0" encoding="UTF-8"?>
<kml xmlns="http://www.opengis.net/kml/2.2">
  <Document>
    <name>iceland</name>
    <description>11 days iceland trip</description>
    <Style id="icon-1502-FF5252-nodesc-normal">
      <IconStyle>
        <color>ff5252ff</color>
        <scale>1</scale>
        <Icon>
          <href>https://www.gstatic.com/mapspro/images/stock/503-wht-blank_maps.png</href>
        </Icon>
      </IconStyle>
      <LabelStyle>
        <scale>0</scale>
      </LabelStyle>
      <BalloonStyle>
        <text><![CDATA[<h3>$[name]</h3>]]></text>
      </BalloonStyle>
    </Style>
    <Style id="icon-1502-FF5252-nodesc-highlight">
      <IconStyle>
        <color>ff5252ff</color>
        <scale>1</scale>
        <Icon>
          <href>https://www.gstatic.com/mapspro/images/stock/503-wht-blank_maps.png</href>
        </Icon>
      </IconStyle>
      <LabelStyle>
        <scale>1</scale>
      </LabelStyle>
      <BalloonStyle>
        <text><![CDATA[<h3>$[name]</h3>]]></text>
      </BalloonStyle>
    </Style>
    <StyleMap id="icon-1502-FF5252-nodesc">
      <Pair>
        <key>normal</key>
        <styleUrl>#icon-1502-FF5252-nodesc-normal</styleUrl>
      </Pair>
      <Pair>
        <key>highlight</key>
        <styleUrl>#icon-1502-FF5252-nodesc-highlight</styleUrl>
      </Pair>
    </StyleMap>
    <Style id="icon-1521-0097A7-nodesc-normal">
      <IconStyle>
        <color>ffa79700</color>
        <scale>1</scale>
        <Icon>
          <href>https://www.gstatic.com/mapspro/images/stock/503-wht-blank_maps.png</href>
        </Icon>
      </IconStyle>
      <LabelStyle>
        <scale>0</scale>
      </LabelStyle>
      <BalloonStyle>
        <text><![CDATA[<h3>$[name]</h3>]]></text>
      </BalloonStyle>
    </Style>
    <Style id="icon-1521-0097A7-nodesc-highlight">
      <IconStyle>
        <color>ffa79700</color>
        <scale>1</scale>
        <Icon>
          <href>https://www.gstatic.com/mapspro/images/stock/503-wht-blank_maps.png</href>
        </Icon>
      </IconStyle>
      <LabelStyle>
        <scale>1</scale>
      </LabelStyle>
      <BalloonStyle>
        <text><![CDATA[<h3>$[name]</h3>]]></text>
      </BalloonStyle>
    </Style>
    <StyleMap id="icon-1521-0097A7-nodesc">
      <Pair>
        <key>normal</key>
        <styleUrl>#icon-1521-0097A7-nodesc-normal</styleUrl>
      </Pair>
      <Pair>
        <key>highlight</key>
        <styleUrl>#icon-1521-0097A7-nodesc-highlight</styleUrl>
      </Pair>
    </StyleMap>
    <Style id="icon-1521-01579B-nodesc-normal">
      <IconStyle>
        <color>ff9b5701</color>
        <scale>1</scale>
        <Icon>
          <href>https://www.gstatic.com/mapspro/images/stock/503-wht-blank_maps.png</href>
        </Icon>
      </IconStyle>
      <LabelStyle>
        <scale>0</scale>
      </LabelStyle>
      <BalloonStyle>
        <text><![CDATA[<h3>$[name]</h3>]]></text>
      </BalloonStyle>
    </Style>
    <Style id="icon-1521-01579B-nodesc-highlight">
      <IconStyle>
        <color>ff9b5701</color>
        <scale>1</scale>
        <Icon>
          <href>https://www.gstatic.com/mapspro/images/stock/503-wht-blank_maps.png</href>
        </Icon>
      </IconStyle>
      <LabelStyle>
        <scale>1</scale>
      </LabelStyle>
      <BalloonStyle>
        <text><![CDATA[<h3>$[name]</h3>]]></text>
      </BalloonStyle>
    </Style>
    <StyleMap id="icon-1521-01579B-nodesc">
      <Pair>
        <key>normal</key>
        <styleUrl>#icon-1521-01579B-nodesc-normal</styleUrl>
      </Pair>
      <Pair>
        <key>highlight</key>
        <styleUrl>#icon-1521-01579B-nodesc-highlight</styleUrl>
      </Pair>
    </StyleMap>
    <Style id="icon-1521-0288D1-nodesc-normal">
      <IconStyle>
        <color>ffd18802</color>
        <scale>1</scale>
        <Icon>
          <href>https://www.gstatic.com/mapspro/images/stock/503-wht-blank_maps.png</href>
        </Icon>
      </IconStyle>
      <LabelStyle>
        <scale>0</scale>
      </LabelStyle>
      <BalloonStyle>
        <text><![CDATA[<h3>$[name]</h3>]]></text>
      </BalloonStyle>
    </Style>
    <Style id="icon-1521-0288D1-nodesc-highlight">
      <IconStyle>
        <color>ffd18802</color>
        <scale>1</scale>
        <Icon>
          <href>https://www.gstatic.com/mapspro/images/stock/503-wht-blank_maps.png</href>
        </Icon>
      </IconStyle>
      <LabelStyle>
        <scale>1</scale>
      </LabelStyle>
      <BalloonStyle>
        <text><![CDATA[<h3>$[name]</h3>]]></text>
      </BalloonStyle>
    </Style>
    <StyleMap id="icon-1521-0288D1-nodesc">
      <Pair>
        <key>normal</key>
        <styleUrl>#icon-1521-0288D1-nodesc-normal</styleUrl>
      </Pair>
      <Pair>
        <key>highlight</key>
        <styleUrl>#icon-1521-0288D1-nodesc-highlight</styleUrl>
      </Pair>
    </StyleMap>
    <Style id="icon-1521-1A237E-nodesc-normal">
      <IconStyle>
        <color>ff7e231a</color>
        <scale>1</scale>
        <Icon>
          <href>https://www.gstatic.com/mapspro/images/stock/503-wht-blank_maps.png</href>
        </Icon>
      </IconStyle>
      <LabelStyle>
        <scale>0</scale>
      </LabelStyle>
      <BalloonStyle>
        <text><![CDATA[<h3>$[name]</h3>]]></text>
      </BalloonStyle>
    </Style>
    <Style id="icon-1521-1A237E-nodesc-highlight">
      <IconStyle>
        <color>ff7e231a</color>
        <scale>1</scale>
        <Icon>
          <href>https://www.gstatic.com/mapspro/images/stock/503-wht-blank_maps.png</href>
        </Icon>
      </IconStyle>
      <LabelStyle>
        <scale>1</scale>
      </LabelStyle>
      <BalloonStyle>
        <text><![CDATA[<h3>$[name]</h3>]]></text>
      </BalloonStyle>
    </Style>
    <StyleMap id="icon-1521-1A237E-nodesc">
      <Pair>
        <key>normal</key>
        <styleUrl>#icon-1521-1A237E-nodesc-normal</styleUrl>
      </Pair>
      <Pair>
        <key>highlight</key>
        <styleUrl>#icon-1521-1A237E-nodesc-highlight</styleUrl>
      </Pair>
    </StyleMap>
    <Style id="icon-1535-424242-nodesc-normal">
      <IconStyle>
        <color>ff424242</color>
        <scale>1</scale>
        <Icon>
          <href>https://www.gstatic.com/mapspro/images/stock/503-wht-blank_maps.png</href>
        </Icon>
      </IconStyle>
      <LabelStyle>
        <scale>0</scale>
      </LabelStyle>
      <BalloonStyle>
        <text><![CDATA[<h3>$[name]</h3>]]></text>
      </BalloonStyle>
    </Style>
    <Style id="icon-1535-424242-nodesc-highlight">
      <IconStyle>
        <color>ff424242</color>
        <scale>1</scale>
        <Icon>
          <href>https://www.gstatic.com/mapspro/images/stock/503-wht-blank_maps.png</href>
        </Icon>
      </IconStyle>
      <LabelStyle>
        <scale>1</scale>
      </LabelStyle>
      <BalloonStyle>
        <text><![CDATA[<h3>$[name]</h3>]]></text>
      </BalloonStyle>
    </Style>
    <StyleMap id="icon-1535-424242-nodesc">
      <Pair>
        <key>normal</key>
        <styleUrl>#icon-1535-424242-nodesc-normal</styleUrl>
      </Pair>
      <Pair>
        <key>highlight</key>
        <styleUrl>#icon-1535-424242-nodesc-highlight</styleUrl>
      </Pair>
    </StyleMap>
    <Style id="icon-1535-880E4F-nodesc-normal">
      <IconStyle>
        <color>ff4f0e88</color>
        <scale>1</scale>
        <Icon>
          <href>https://www.gstatic.com/mapspro/images/stock/503-wht-blank_maps.png</href>
        </Icon>
      </IconStyle>
      <LabelStyle>
        <scale>0</scale>
      </LabelStyle>
      <BalloonStyle>
        <text><![CDATA[<h3>$[name]</h3>]]></text>
      </BalloonStyle>
    </Style>
    <Style id="icon-1535-880E4F-nodesc-highlight">
      <IconStyle>
        <color>ff4f0e88</color>
        <scale>1</scale>
        <Icon>
          <href>https://www.gstatic.com/mapspro/images/stock/503-wht-blank_maps.png</href>
        </Icon>
      </IconStyle>
      <LabelStyle>
        <scale>1</scale>
      </LabelStyle>
      <BalloonStyle>
        <text><![CDATA[<h3>$[name]</h3>]]></text>
      </BalloonStyle>
    </Style>
    <StyleMap id="icon-1535-880E4F-nodesc">
      <Pair>
        <key>normal</key>
        <styleUrl>#icon-1535-880E4F-nodesc-normal</styleUrl>
      </Pair>
      <Pair>
        <key>highlight</key>
        <styleUrl>#icon-1535-880E4F-nodesc-highlight</styleUrl>
      </Pair>
    </StyleMap>
    <Style id="icon-1535-A52714-nodesc-normal">
      <IconStyle>
        <color>ff1427a5</color>
        <scale>1</scale>
        <Icon>
          <href>https://www.gstatic.com/mapspro/images/stock/503-wht-blank_maps.png</href>
        </Icon>
      </IconStyle>
      <LabelStyle>
        <scale>0</scale>
      </LabelStyle>
      <BalloonStyle>
        <text><![CDATA[<h3>$[name]</h3>]]></text>
      </BalloonStyle>
    </Style>
    <Style id="icon-1535-A52714-nodesc-highlight">
      <IconStyle>
        <color>ff1427a5</color>
        <scale>1</scale>
        <Icon>
          <href>https://www.gstatic.com/mapspro/images/stock/503-wht-blank_maps.png</href>
        </Icon>
      </IconStyle>
      <LabelStyle>
        <scale>1</scale>
      </LabelStyle>
      <BalloonStyle>
        <text><![CDATA[<h3>$[name]</h3>]]></text>
      </BalloonStyle>
    </Style>
    <StyleMap id="icon-1535-A52714-nodesc">
      <Pair>
        <key>normal</key>
        <styleUrl>#icon-1535-A52714-nodesc-normal</styleUrl>
      </Pair>
      <Pair>
        <key>highlight</key>
        <styleUrl>#icon-1535-A52714-nodesc-highlight</styleUrl>
      </Pair>
    </StyleMap>
    <Style id="icon-1535-E65100-nodesc-normal">
      <IconStyle>
        <color>ff0051e6</color>
        <scale>1</scale>
        <Icon>
          <href>https://www.gstatic.com/mapspro/images/stock/503-wht-blank_maps.png</href>
        </Icon>
      </IconStyle>
      <LabelStyle>
        <scale>0</scale>
      </LabelStyle>
      <BalloonStyle>
        <text><![CDATA[<h3>$[name]</h3>]]></text>
      </BalloonStyle>
    </Style>
    <Style id="icon-1535-E65100-nodesc-highlight">
      <IconStyle>
        <color>ff0051e6</color>
        <scale>1</scale>
        <Icon>
          <href>https://www.gstatic.com/mapspro/images/stock/503-wht-blank_maps.png</href>
        </Icon>
      </IconStyle>
      <LabelStyle>
        <scale>1</scale>
      </LabelStyle>
      <BalloonStyle>
        <text><![CDATA[<h3>$[name]</h3>]]></text>
      </BalloonStyle>
    </Style>
    <StyleMap id="icon-1535-E65100-nodesc">
      <Pair>
        <key>normal</key>
        <styleUrl>#icon-1535-E65100-nodesc-normal</styleUrl>
      </Pair>
      <Pair>
        <key>highlight</key>
        <styleUrl>#icon-1535-E65100-nodesc-highlight</styleUrl>
      </Pair>
    </StyleMap>
    <Style id="icon-1535-F57C00-nodesc-normal">
      <IconStyle>
        <color>ff007cf5</color>
        <scale>1</scale>
        <Icon>
          <href>https://www.gstatic.com/mapspro/images/stock/503-wht-blank_maps.png</href>
        </Icon>
      </IconStyle>
      <LabelStyle>
        <scale>0</scale>
      </LabelStyle>
      <BalloonStyle>
        <text><![CDATA[<h3>$[name]</h3>]]></text>
      </BalloonStyle>
    </Style>
    <Style id="icon-1535-F57C00-nodesc-highlight">
      <IconStyle>
        <color>ff007cf5</color>
        <scale>1</scale>
        <Icon>
          <href>https://www.gstatic.com/mapspro/images/stock/503-wht-blank_maps.png</href>
        </Icon>
      </IconStyle>
      <LabelStyle>
        <scale>1</scale>
      </LabelStyle>
      <BalloonStyle>
        <text><![CDATA[<h3>$[name]</h3>]]></text>
      </BalloonStyle>
    </Style>
    <StyleMap id="icon-1535-F57C00-nodesc">
      <Pair>
        <key>normal</key>
        <styleUrl>#icon-1535-F57C00-nodesc-normal</styleUrl>
      </Pair>
      <Pair>
        <key>highlight</key>
        <styleUrl>#icon-1535-F57C00-nodesc-highlight</styleUrl>
      </Pair>
    </StyleMap>
    <Style id="icon-1535-F9A825-nodesc-normal">
      <IconStyle>
        <color>ff25a8f9</color>
        <scale>1</scale>
        <Icon>
          <href>https://www.gstatic.com/mapspro/images/stock/503-wht-blank_maps.png</href>
        </Icon>
      </IconStyle>
      <LabelStyle>
        <scale>0</scale>
      </LabelStyle>
      <BalloonStyle>
        <text><![CDATA[<h3>$[name]</h3>]]></text>
      </BalloonStyle>
    </Style>
    <Style id="icon-1535-F9A825-nodesc-highlight">
      <IconStyle>
        <color>ff25a8f9</color>
        <scale>1</scale>
        <Icon>
          <href>https://www.gstatic.com/mapspro/images/stock/503-wht-blank_maps.png</href>
        </Icon>
      </IconStyle>
      <LabelStyle>
        <scale>1</scale>
      </LabelStyle>
      <BalloonStyle>
        <text><![CDATA[<h3>$[name]</h3>]]></text>
      </BalloonStyle>
    </Style>
    <StyleMap id="icon-1535-F9A825-nodesc">
      <Pair>
        <key>normal</key>
        <styleUrl>#icon-1535-F9A825-nodesc-normal</styleUrl>
      </Pair>
      <Pair>
        <key>highlight</key>
        <styleUrl>#icon-1535-F9A825-nodesc-highlight</styleUrl>
      </Pair>
    </StyleMap>
    <Style id="icon-1535-FBC02D-nodesc-normal">
      <IconStyle>
        <color>ff2dc0fb</color>
        <scale>1</scale>
        <Icon>
          <href>https://www.gstatic.com/mapspro/images/stock/503-wht-blank_maps.png</href>
        </Icon>
      </IconStyle>
      <LabelStyle>
        <scale>0</scale>
      </LabelStyle>
      <BalloonStyle>
        <text><![CDATA[<h3>$[name]</h3>]]></text>
      </BalloonStyle>
    </Style>
    <Style id="icon-1535-FBC02D-nodesc-highlight">
      <IconStyle>
        <color>ff2dc0fb</color>
        <scale>1</scale>
        <Icon>
          <href>https://www.gstatic.com/mapspro/images/stock/503-wht-blank_maps.png</href>
        </Icon>
      </IconStyle>
      <LabelStyle>
        <scale>1</scale>
      </LabelStyle>
      <BalloonStyle>
        <text><![CDATA[<h3>$[name]</h3>]]></text>
      </BalloonStyle>
    </Style>
    <StyleMap id="icon-1535-FBC02D-nodesc">
      <Pair>
        <key>normal</key>
        <styleUrl>#icon-1535-FBC02D-nodesc-normal</styleUrl>
      </Pair>
      <Pair>
        <key>highlight</key>
        <styleUrl>#icon-1535-FBC02D-nodesc-highlight</styleUrl>
      </Pair>
    </StyleMap>
    <Style id="icon-1535-FF5252-nodesc-normal">
      <IconStyle>
        <color>ff5252ff</color>
        <scale>1</scale>
        <Icon>
          <href>https://www.gstatic.com/mapspro/images/stock/503-wht-blank_maps.png</href>
        </Icon>
      </IconStyle>
      <LabelStyle>
        <scale>0</scale>
      </LabelStyle>
      <BalloonStyle>
        <text><![CDATA[<h3>$[name]</h3>]]></text>
      </BalloonStyle>
    </Style>
    <Style id="icon-1535-FF5252-nodesc-highlight">
      <IconStyle>
        <color>ff5252ff</color>
        <scale>1</scale>
        <Icon>
          <href>https://www.gstatic.com/mapspro/images/stock/503-wht-blank_maps.png</href>
        </Icon>
      </IconStyle>
      <LabelStyle>
        <scale>1</scale>
      </LabelStyle>
      <BalloonStyle>
        <text><![CDATA[<h3>$[name]</h3>]]></text>
      </BalloonStyle>
    </Style>
    <StyleMap id="icon-1535-FF5252-nodesc">
      <Pair>
        <key>normal</key>
        <styleUrl>#icon-1535-FF5252-nodesc-normal</styleUrl>
      </Pair>
      <Pair>
        <key>highlight</key>
        <styleUrl>#icon-1535-FF5252-nodesc-highlight</styleUrl>
      </Pair>
    </StyleMap>
    <Style id="icon-1535-FFEA00-nodesc-normal">
      <IconStyle>
        <color>ff00eaff</color>
        <scale>1</scale>
        <Icon>
          <href>https://www.gstatic.com/mapspro/images/stock/503-wht-blank_maps.png</href>
        </Icon>
      </IconStyle>
      <LabelStyle>
        <scale>0</scale>
      </LabelStyle>
      <BalloonStyle>
        <text><![CDATA[<h3>$[name]</h3>]]></text>
      </BalloonStyle>
    </Style>
    <Style id="icon-1535-FFEA00-nodesc-highlight">
      <IconStyle>
        <color>ff00eaff</color>
        <scale>1</scale>
        <Icon>
          <href>https://www.gstatic.com/mapspro/images/stock/503-wht-blank_maps.png</href>
        </Icon>
      </IconStyle>
      <LabelStyle>
        <scale>1</scale>
      </LabelStyle>
      <BalloonStyle>
        <text><![CDATA[<h3>$[name]</h3>]]></text>
      </BalloonStyle>
    </Style>
    <StyleMap id="icon-1535-FFEA00-nodesc">
      <Pair>
        <key>normal</key>
        <styleUrl>#icon-1535-FFEA00-nodesc-normal</styleUrl>
      </Pair>
      <Pair>
        <key>highlight</key>
        <styleUrl>#icon-1535-FFEA00-nodesc-highlight</styleUrl>
      </Pair>
    </StyleMap>
    <Style id="icon-1577-000000-nodesc-normal">
      <IconStyle>
        <color>ff000000</color>
        <scale>1</scale>
        <Icon>
          <href>https://www.gstatic.com/mapspro/images/stock/503-wht-blank_maps.png</href>
        </Icon>
      </IconStyle>
      <LabelStyle>
        <scale>0</scale>
      </LabelStyle>
      <BalloonStyle>
        <text><![CDATA[<h3>$[name]</h3>]]></text>
      </BalloonStyle>
    </Style>
    <Style id="icon-1577-000000-nodesc-highlight">
      <IconStyle>
        <color>ff000000</color>
        <scale>1</scale>
        <Icon>
          <href>https://www.gstatic.com/mapspro/images/stock/503-wht-blank_maps.png</href>
        </Icon>
      </IconStyle>
      <LabelStyle>
        <scale>1</scale>
      </LabelStyle>
      <BalloonStyle>
        <text><![CDATA[<h3>$[name]</h3>]]></text>
      </BalloonStyle>
    </Style>
    <StyleMap id="icon-1577-000000-nodesc">
      <Pair>
        <key>normal</key>
        <styleUrl>#icon-1577-000000-nodesc-normal</styleUrl>
      </Pair>
      <Pair>
        <key>highlight</key>
        <styleUrl>#icon-1577-000000-nodesc-highlight</styleUrl>
      </Pair>
    </StyleMap>
    <Style id="icon-1577-0288D1-normal">
      <IconStyle>
        <color>ffd18802</color>
        <scale>1</scale>
        <Icon>
          <href>https://www.gstatic.com/mapspro/images/stock/503-wht-blank_maps.png</href>
        </Icon>
      </IconStyle>
      <LabelStyle>
        <scale>0</scale>
      </LabelStyle>
    </Style>
    <Style id="icon-1577-0288D1-highlight">
      <IconStyle>
        <color>ffd18802</color>
        <scale>1</scale>
        <Icon>
          <href>https://www.gstatic.com/mapspro/images/stock/503-wht-blank_maps.png</href>
        </Icon>
      </IconStyle>
      <LabelStyle>
        <scale>1</scale>
      </LabelStyle>
    </Style>
    <StyleMap id="icon-1577-0288D1">
      <Pair>
        <key>normal</key>
        <styleUrl>#icon-1577-0288D1-normal</styleUrl>
      </Pair>
      <Pair>
        <key>highlight</key>
        <styleUrl>#icon-1577-0288D1-highlight</styleUrl>
      </Pair>
    </StyleMap>
    <Style id="icon-1577-757575-nodesc-normal">
      <IconStyle>
        <color>ff757575</color>
        <scale>1</scale>
        <Icon>
          <href>https://www.gstatic.com/mapspro/images/stock/503-wht-blank_maps.png</href>
        </Icon>
      </IconStyle>
      <LabelStyle>
        <scale>0</scale>
      </LabelStyle>
      <BalloonStyle>
        <text><![CDATA[<h3>$[name]</h3>]]></text>
      </BalloonStyle>
    </Style>
    <Style id="icon-1577-757575-nodesc-highlight">
      <IconStyle>
        <color>ff757575</color>
        <scale>1</scale>
        <Icon>
          <href>https://www.gstatic.com/mapspro/images/stock/503-wht-blank_maps.png</href>
        </Icon>
      </IconStyle>
      <LabelStyle>
        <scale>1</scale>
      </LabelStyle>
      <BalloonStyle>
        <text><![CDATA[<h3>$[name]</h3>]]></text>
      </BalloonStyle>
    </Style>
    <StyleMap id="icon-1577-757575-nodesc">
      <Pair>
        <key>normal</key>
        <styleUrl>#icon-1577-757575-nodesc-normal</styleUrl>
      </Pair>
      <Pair>
        <key>highlight</key>
        <styleUrl>#icon-1577-757575-nodesc-highlight</styleUrl>
      </Pair>
    </StyleMap>
    <Style id="icon-1577-A52714-nodesc-normal">
      <IconStyle>
        <color>ff1427a5</color>
        <scale>1</scale>
        <Icon>
          <href>https://www.gstatic.com/mapspro/images/stock/503-wht-blank_maps.png</href>
        </Icon>
      </IconStyle>
      <LabelStyle>
        <scale>0</scale>
      </LabelStyle>
      <BalloonStyle>
        <text><![CDATA[<h3>$[name]</h3>]]></text>
      </BalloonStyle>
    </Style>
    <Style id="icon-1577-A52714-nodesc-highlight">
      <IconStyle>
        <color>ff1427a5</color>
        <scale>1</scale>
        <Icon>
          <href>https://www.gstatic.com/mapspro/images/stock/503-wht-blank_maps.png</href>
        </Icon>
      </IconStyle>
      <LabelStyle>
        <scale>1</scale>
      </LabelStyle>
      <BalloonStyle>
        <text><![CDATA[<h3>$[name]</h3>]]></text>
      </BalloonStyle>
    </Style>
    <StyleMap id="icon-1577-A52714-nodesc">
      <Pair>
        <key>normal</key>
        <styleUrl>#icon-1577-A52714-nodesc-normal</styleUrl>
      </Pair>
      <Pair>
        <key>highlight</key>
        <styleUrl>#icon-1577-A52714-nodesc-highlight</styleUrl>
      </Pair>
    </StyleMap>
    <Style id="icon-1577-F9A825-nodesc-normal">
      <IconStyle>
        <color>ff25a8f9</color>
        <scale>1</scale>
        <Icon>
          <href>https://www.gstatic.com/mapspro/images/stock/503-wht-blank_maps.png</href>
        </Icon>
      </IconStyle>
      <LabelStyle>
        <scale>0</scale>
      </LabelStyle>
      <BalloonStyle>
        <text><![CDATA[<h3>$[name]</h3>]]></text>
      </BalloonStyle>
    </Style>
    <Style id="icon-1577-F9A825-nodesc-highlight">
      <IconStyle>
        <color>ff25a8f9</color>
        <scale>1</scale>
        <Icon>
          <href>https://www.gstatic.com/mapspro/images/stock/503-wht-blank_maps.png</href>
        </Icon>
      </IconStyle>
      <LabelStyle>
        <scale>1</scale>
      </LabelStyle>
      <BalloonStyle>
        <text><![CDATA[<h3>$[name]</h3>]]></text>
      </BalloonStyle>
    </Style>
    <StyleMap id="icon-1577-F9A825-nodesc">
      <Pair>
        <key>normal</key>
        <styleUrl>#icon-1577-F9A825-nodesc-normal</styleUrl>
      </Pair>
      <Pair>
        <key>highlight</key>
        <styleUrl>#icon-1577-F9A825-nodesc-highlight</styleUrl>
      </Pair>
    </StyleMap>
    <Style id="icon-1581-558B2F-nodesc-normal">
      <IconStyle>
        <color>ff2f8b55</color>
        <scale>1</scale>
        <Icon>
          <href>https://www.gstatic.com/mapspro/images/stock/503-wht-blank_maps.png</href>
        </Icon>
      </IconStyle>
      <LabelStyle>
        <scale>0</scale>
      </LabelStyle>
      <BalloonStyle>
        <text><![CDATA[<h3>$[name]</h3>]]></text>
      </BalloonStyle>
    </Style>
    <Style id="icon-1581-558B2F-nodesc-highlight">
      <IconStyle>
        <color>ff2f8b55</color>
        <scale>1</scale>
        <Icon>
          <href>https://www.gstatic.com/mapspro/images/stock/503-wht-blank_maps.png</href>
        </Icon>
      </IconStyle>
      <LabelStyle>
        <scale>1</scale>
      </LabelStyle>
      <BalloonStyle>
        <text><![CDATA[<h3>$[name]</h3>]]></text>
      </BalloonStyle>
    </Style>
    <StyleMap id="icon-1581-558B2F-nodesc">
      <Pair>
        <key>normal</key>
        <styleUrl>#icon-1581-558B2F-nodesc-normal</styleUrl>
      </Pair>
      <Pair>
        <key>highlight</key>
        <styleUrl>#icon-1581-558B2F-nodesc-highlight</styleUrl>
      </Pair>
    </StyleMap>
    <Style id="icon-1581-795548-nodesc-normal">
      <IconStyle>
        <color>ff485579</color>
        <scale>1</scale>
        <Icon>
          <href>https://www.gstatic.com/mapspro/images/stock/503-wht-blank_maps.png</href>
        </Icon>
      </IconStyle>
      <LabelStyle>
        <scale>0</scale>
      </LabelStyle>
      <BalloonStyle>
        <text><![CDATA[<h3>$[name]</h3>]]></text>
      </BalloonStyle>
    </Style>
    <Style id="icon-1581-795548-nodesc-highlight">
      <IconStyle>
        <color>ff485579</color>
        <scale>1</scale>
        <Icon>
          <href>https://www.gstatic.com/mapspro/images/stock/503-wht-blank_maps.png</href>
        </Icon>
      </IconStyle>
      <LabelStyle>
        <scale>1</scale>
      </LabelStyle>
      <BalloonStyle>
        <text><![CDATA[<h3>$[name]</h3>]]></text>
      </BalloonStyle>
    </Style>
    <StyleMap id="icon-1581-795548-nodesc">
      <Pair>
        <key>normal</key>
        <styleUrl>#icon-1581-795548-nodesc-normal</styleUrl>
      </Pair>
      <Pair>
        <key>highlight</key>
        <styleUrl>#icon-1581-795548-nodesc-highlight</styleUrl>
      </Pair>
    </StyleMap>
    <Style id="icon-1581-817717-nodesc-normal">
      <IconStyle>
        <color>ff177781</color>
        <scale>1</scale>
        <Icon>
          <href>https://www.gstatic.com/mapspro/images/stock/503-wht-blank_maps.png</href>
        </Icon>
      </IconStyle>
      <LabelStyle>
        <scale>0</scale>
      </LabelStyle>
      <BalloonStyle>
        <text><![CDATA[<h3>$[name]</h3>]]></text>
      </BalloonStyle>
    </Style>
    <Style id="icon-1581-817717-nodesc-highlight">
      <IconStyle>
        <color>ff177781</color>
        <scale>1</scale>
        <Icon>
          <href>https://www.gstatic.com/mapspro/images/stock/503-wht-blank_maps.png</href>
        </Icon>
      </IconStyle>
      <LabelStyle>
        <scale>1</scale>
      </LabelStyle>
      <BalloonStyle>
        <text><![CDATA[<h3>$[name]</h3>]]></text>
      </BalloonStyle>
    </Style>
    <StyleMap id="icon-1581-817717-nodesc">
      <Pair>
        <key>normal</key>
        <styleUrl>#icon-1581-817717-nodesc-normal</styleUrl>
      </Pair>
      <Pair>
        <key>highlight</key>
        <styleUrl>#icon-1581-817717-nodesc-highlight</styleUrl>
      </Pair>
    </StyleMap>
    <Style id="icon-1581-FBC02D-nodesc-normal">
      <IconStyle>
        <color>ff2dc0fb</color>
        <scale>1</scale>
        <Icon>
          <href>https://www.gstatic.com/mapspro/images/stock/503-wht-blank_maps.png</href>
        </Icon>
      </IconStyle>
      <LabelStyle>
        <scale>0</scale>
      </LabelStyle>
      <BalloonStyle>
        <text><![CDATA[<h3>$[name]</h3>]]></text>
      </BalloonStyle>
    </Style>
    <Style id="icon-1581-FBC02D-nodesc-highlight">
      <IconStyle>
        <color>ff2dc0fb</color>
        <scale>1</scale>
        <Icon>
          <href>https://www.gstatic.com/mapspro/images/stock/503-wht-blank_maps.png</href>
        </Icon>
      </IconStyle>
      <LabelStyle>
        <scale>1</scale>
      </LabelStyle>
      <BalloonStyle>
        <text><![CDATA[<h3>$[name]</h3>]]></text>
      </BalloonStyle>
    </Style>
    <StyleMap id="icon-1581-FBC02D-nodesc">
      <Pair>
        <key>normal</key>
        <styleUrl>#icon-1581-FBC02D-nodesc-normal</styleUrl>
      </Pair>
      <Pair>
        <key>highlight</key>
        <styleUrl>#icon-1581-FBC02D-nodesc-highlight</styleUrl>
      </Pair>
    </StyleMap>
    <Style id="icon-1581-FFD600-nodesc-normal">
      <IconStyle>
        <color>ff00d6ff</color>
        <scale>1</scale>
        <Icon>
          <href>https://www.gstatic.com/mapspro/images/stock/503-wht-blank_maps.png</href>
        </Icon>
      </IconStyle>
      <LabelStyle>
        <scale>0</scale>
      </LabelStyle>
      <BalloonStyle>
        <text><![CDATA[<h3>$[name]</h3>]]></text>
      </BalloonStyle>
    </Style>
    <Style id="icon-1581-FFD600-nodesc-highlight">
      <IconStyle>
        <color>ff00d6ff</color>
        <scale>1</scale>
        <Icon>
          <href>https://www.gstatic.com/mapspro/images/stock/503-wht-blank_maps.png</href>
        </Icon>
      </IconStyle>
      <LabelStyle>
        <scale>1</scale>
      </LabelStyle>
      <BalloonStyle>
        <text><![CDATA[<h3>$[name]</h3>]]></text>
      </BalloonStyle>
    </Style>
    <StyleMap id="icon-1581-FFD600-nodesc">
      <Pair>
        <key>normal</key>
        <styleUrl>#icon-1581-FFD600-nodesc-normal</styleUrl>
      </Pair>
      <Pair>
        <key>highlight</key>
        <styleUrl>#icon-1581-FFD600-nodesc-highlight</styleUrl>
      </Pair>
    </StyleMap>
    <Style id="icon-1596-000000-nodesc-normal">
      <IconStyle>
        <color>ff000000</color>
        <scale>1</scale>
        <Icon>
          <href>https://www.gstatic.com/mapspro/images/stock/503-wht-blank_maps.png</href>
        </Icon>
      </IconStyle>
      <LabelStyle>
        <scale>0</scale>
      </LabelStyle>
      <BalloonStyle>
        <text><![CDATA[<h3>$[name]</h3>]]></text>
      </BalloonStyle>
    </Style>
    <Style id="icon-1596-000000-nodesc-highlight">
      <IconStyle>
        <color>ff000000</color>
        <scale>1</scale>
        <Icon>
          <href>https://www.gstatic.com/mapspro/images/stock/503-wht-blank_maps.png</href>
        </Icon>
      </IconStyle>
      <LabelStyle>
        <scale>1</scale>
      </LabelStyle>
      <BalloonStyle>
        <text><![CDATA[<h3>$[name]</h3>]]></text>
      </BalloonStyle>
    </Style>
    <StyleMap id="icon-1596-000000-nodesc">
      <Pair>
        <key>normal</key>
        <styleUrl>#icon-1596-000000-nodesc-normal</styleUrl>
      </Pair>
      <Pair>
        <key>highlight</key>
        <styleUrl>#icon-1596-000000-nodesc-highlight</styleUrl>
      </Pair>
    </StyleMap>
    <Style id="icon-1596-097138-nodesc-normal">
      <IconStyle>
        <color>ff387109</color>
        <scale>1</scale>
        <Icon>
          <href>https://www.gstatic.com/mapspro/images/stock/503-wht-blank_maps.png</href>
        </Icon>
      </IconStyle>
      <LabelStyle>
        <scale>0</scale>
      </LabelStyle>
      <BalloonStyle>
        <text><![CDATA[<h3>$[name]</h3>]]></text>
      </BalloonStyle>
    </Style>
    <Style id="icon-1596-097138-nodesc-highlight">
      <IconStyle>
        <color>ff387109</color>
        <scale>1</scale>
        <Icon>
          <href>https://www.gstatic.com/mapspro/images/stock/503-wht-blank_maps.png</href>
        </Icon>
      </IconStyle>
      <LabelStyle>
        <scale>1</scale>
      </LabelStyle>
      <BalloonStyle>
        <text><![CDATA[<h3>$[name]</h3>]]></text>
      </BalloonStyle>
    </Style>
    <StyleMap id="icon-1596-097138-nodesc">
      <Pair>
        <key>normal</key>
        <styleUrl>#icon-1596-097138-nodesc-normal</styleUrl>
      </Pair>
      <Pair>
        <key>highlight</key>
        <styleUrl>#icon-1596-097138-nodesc-highlight</styleUrl>
      </Pair>
    </StyleMap>
    <Style id="icon-1596-7CB342-nodesc-normal">
      <IconStyle>
        <color>ff42b37c</color>
        <scale>1</scale>
        <Icon>
          <href>https://www.gstatic.com/mapspro/images/stock/503-wht-blank_maps.png</href>
        </Icon>
      </IconStyle>
      <LabelStyle>
        <scale>0</scale>
      </LabelStyle>
      <BalloonStyle>
        <text><![CDATA[<h3>$[name]</h3>]]></text>
      </BalloonStyle>
    </Style>
    <Style id="icon-1596-7CB342-nodesc-highlight">
      <IconStyle>
        <color>ff42b37c</color>
        <scale>1</scale>
        <Icon>
          <href>https://www.gstatic.com/mapspro/images/stock/503-wht-blank_maps.png</href>
        </Icon>
      </IconStyle>
      <LabelStyle>
        <scale>1</scale>
      </LabelStyle>
      <BalloonStyle>
        <text><![CDATA[<h3>$[name]</h3>]]></text>
      </BalloonStyle>
    </Style>
    <StyleMap id="icon-1596-7CB342-nodesc">
      <Pair>
        <key>normal</key>
        <styleUrl>#icon-1596-7CB342-nodesc-normal</styleUrl>
      </Pair>
      <Pair>
        <key>highlight</key>
        <styleUrl>#icon-1596-7CB342-nodesc-highlight</styleUrl>
      </Pair>
    </StyleMap>
    <Style id="icon-1596-817717-nodesc-normal">
      <IconStyle>
        <color>ff177781</color>
        <scale>1</scale>
        <Icon>
          <href>https://www.gstatic.com/mapspro/images/stock/503-wht-blank_maps.png</href>
        </Icon>
      </IconStyle>
      <LabelStyle>
        <scale>0</scale>
      </LabelStyle>
      <BalloonStyle>
        <text><![CDATA[<h3>$[name]</h3>]]></text>
      </BalloonStyle>
    </Style>
    <Style id="icon-1596-817717-nodesc-highlight">
      <IconStyle>
        <color>ff177781</color>
        <scale>1</scale>
        <Icon>
          <href>https://www.gstatic.com/mapspro/images/stock/503-wht-blank_maps.png</href>
        </Icon>
      </IconStyle>
      <LabelStyle>
        <scale>1</scale>
      </LabelStyle>
      <BalloonStyle>
        <text><![CDATA[<h3>$[name]</h3>]]></text>
      </BalloonStyle>
    </Style>
    <StyleMap id="icon-1596-817717-nodesc">
      <Pair>
        <key>normal</key>
        <styleUrl>#icon-1596-817717-nodesc-normal</styleUrl>
      </Pair>
      <Pair>
        <key>highlight</key>
        <styleUrl>#icon-1596-817717-nodesc-highlight</styleUrl>
      </Pair>
    </StyleMap>
    <Style id="icon-1596-880E4F-normal">
      <IconStyle>
        <color>ff4f0e88</color>
        <scale>1</scale>
        <Icon>
          <href>https://www.gstatic.com/mapspro/images/stock/503-wht-blank_maps.png</href>
        </Icon>
      </IconStyle>
      <LabelStyle>
        <scale>0</scale>
      </LabelStyle>
    </Style>
    <Style id="icon-1596-880E4F-highlight">
      <IconStyle>
        <color>ff4f0e88</color>
        <scale>1</scale>
        <Icon>
          <href>https://www.gstatic.com/mapspro/images/stock/503-wht-blank_maps.png</href>
        </Icon>
      </IconStyle>
      <LabelStyle>
        <scale>1</scale>
      </LabelStyle>
    </Style>
    <StyleMap id="icon-1596-880E4F">
      <Pair>
        <key>normal</key>
        <styleUrl>#icon-1596-880E4F-normal</styleUrl>
      </Pair>
      <Pair>
        <key>highlight</key>
        <styleUrl>#icon-1596-880E4F-highlight</styleUrl>
      </Pair>
    </StyleMap>
    <Style id="icon-1596-880E4F-nodesc-normal">
      <IconStyle>
        <color>ff4f0e88</color>
        <scale>1</scale>
        <Icon>
          <href>https://www.gstatic.com/mapspro/images/stock/503-wht-blank_maps.png</href>
        </Icon>
      </IconStyle>
      <LabelStyle>
        <scale>0</scale>
      </LabelStyle>
      <BalloonStyle>
        <text><![CDATA[<h3>$[name]</h3>]]></text>
      </BalloonStyle>
    </Style>
    <Style id="icon-1596-880E4F-nodesc-highlight">
      <IconStyle>
        <color>ff4f0e88</color>
        <scale>1</scale>
        <Icon>
          <href>https://www.gstatic.com/mapspro/images/stock/503-wht-blank_maps.png</href>
        </Icon>
      </IconStyle>
      <LabelStyle>
        <scale>1</scale>
      </LabelStyle>
      <BalloonStyle>
        <text><![CDATA[<h3>$[name]</h3>]]></text>
      </BalloonStyle>
    </Style>
    <StyleMap id="icon-1596-880E4F-nodesc">
      <Pair>
        <key>normal</key>
        <styleUrl>#icon-1596-880E4F-nodesc-normal</styleUrl>
      </Pair>
      <Pair>
        <key>highlight</key>
        <styleUrl>#icon-1596-880E4F-nodesc-highlight</styleUrl>
      </Pair>
    </StyleMap>
    <Style id="icon-1596-A52714-nodesc-normal">
      <IconStyle>
        <color>ff1427a5</color>
        <scale>1</scale>
        <Icon>
          <href>https://www.gstatic.com/mapspro/images/stock/503-wht-blank_maps.png</href>
        </Icon>
      </IconStyle>
      <LabelStyle>
        <scale>0</scale>
      </LabelStyle>
      <BalloonStyle>
        <text><![CDATA[<h3>$[name]</h3>]]></text>
      </BalloonStyle>
    </Style>
    <Style id="icon-1596-A52714-nodesc-highlight">
      <IconStyle>
        <color>ff1427a5</color>
        <scale>1</scale>
        <Icon>
          <href>https://www.gstatic.com/mapspro/images/stock/503-wht-blank_maps.png</href>
        </Icon>
      </IconStyle>
      <LabelStyle>
        <scale>1</scale>
      </LabelStyle>
      <BalloonStyle>
        <text><![CDATA[<h3>$[name]</h3>]]></text>
      </BalloonStyle>
    </Style>
    <StyleMap id="icon-1596-A52714-nodesc">
      <Pair>
        <key>normal</key>
        <styleUrl>#icon-1596-A52714-nodesc-normal</styleUrl>
      </Pair>
      <Pair>
        <key>highlight</key>
        <styleUrl>#icon-1596-A52714-nodesc-highlight</styleUrl>
      </Pair>
    </StyleMap>
    <Style id="icon-1596-C2185B-normal">
      <IconStyle>
        <color>ff5b18c2</color>
        <scale>1</scale>
        <Icon>
          <href>https://www.gstatic.com/mapspro/images/stock/503-wht-blank_maps.png</href>
        </Icon>
      </IconStyle>
      <LabelStyle>
        <scale>0</scale>
      </LabelStyle>
    </Style>
    <Style id="icon-1596-C2185B-highlight">
      <IconStyle>
        <color>ff5b18c2</color>
        <scale>1</scale>
        <Icon>
          <href>https://www.gstatic.com/mapspro/images/stock/503-wht-blank_maps.png</href>
        </Icon>
      </IconStyle>
      <LabelStyle>
        <scale>1</scale>
      </LabelStyle>
    </Style>
    <StyleMap id="icon-1596-C2185B">
      <Pair>
        <key>normal</key>
        <styleUrl>#icon-1596-C2185B-normal</styleUrl>
      </Pair>
      <Pair>
        <key>highlight</key>
        <styleUrl>#icon-1596-C2185B-highlight</styleUrl>
      </Pair>
    </StyleMap>
    <Style id="icon-1596-C2185B-nodesc-normal">
      <IconStyle>
        <color>ff5b18c2</color>
        <scale>1</scale>
        <Icon>
          <href>https://www.gstatic.com/mapspro/images/stock/503-wht-blank_maps.png</href>
        </Icon>
      </IconStyle>
      <LabelStyle>
        <scale>0</scale>
      </LabelStyle>
      <BalloonStyle>
        <text><![CDATA[<h3>$[name]</h3>]]></text>
      </BalloonStyle>
    </Style>
    <Style id="icon-1596-C2185B-nodesc-highlight">
      <IconStyle>
        <color>ff5b18c2</color>
        <scale>1</scale>
        <Icon>
          <href>https://www.gstatic.com/mapspro/images/stock/503-wht-blank_maps.png</href>
        </Icon>
      </IconStyle>
      <LabelStyle>
        <scale>1</scale>
      </LabelStyle>
      <BalloonStyle>
        <text><![CDATA[<h3>$[name]</h3>]]></text>
      </BalloonStyle>
    </Style>
    <StyleMap id="icon-1596-C2185B-nodesc">
      <Pair>
        <key>normal</key>
        <styleUrl>#icon-1596-C2185B-nodesc-normal</styleUrl>
      </Pair>
      <Pair>
        <key>highlight</key>
        <styleUrl>#icon-1596-C2185B-nodesc-highlight</styleUrl>
      </Pair>
    </StyleMap>
    <Style id="icon-1596-E65100-nodesc-normal">
      <IconStyle>
        <color>ff0051e6</color>
        <scale>1</scale>
        <Icon>
          <href>https://www.gstatic.com/mapspro/images/stock/503-wht-blank_maps.png</href>
        </Icon>
      </IconStyle>
      <LabelStyle>
        <scale>0</scale>
      </LabelStyle>
      <BalloonStyle>
        <text><![CDATA[<h3>$[name]</h3>]]></text>
      </BalloonStyle>
    </Style>
    <Style id="icon-1596-E65100-nodesc-highlight">
      <IconStyle>
        <color>ff0051e6</color>
        <scale>1</scale>
        <Icon>
          <href>https://www.gstatic.com/mapspro/images/stock/503-wht-blank_maps.png</href>
        </Icon>
      </IconStyle>
      <LabelStyle>
        <scale>1</scale>
      </LabelStyle>
      <BalloonStyle>
        <text><![CDATA[<h3>$[name]</h3>]]></text>
      </BalloonStyle>
    </Style>
    <StyleMap id="icon-1596-E65100-nodesc">
      <Pair>
        <key>normal</key>
        <styleUrl>#icon-1596-E65100-nodesc-normal</styleUrl>
      </Pair>
      <Pair>
        <key>highlight</key>
        <styleUrl>#icon-1596-E65100-nodesc-highlight</styleUrl>
      </Pair>
    </StyleMap>
    <Style id="icon-1596-FBC02D-nodesc-normal">
      <IconStyle>
        <color>ff2dc0fb</color>
        <scale>1</scale>
        <Icon>
          <href>https://www.gstatic.com/mapspro/images/stock/503-wht-blank_maps.png</href>
        </Icon>
      </IconStyle>
      <LabelStyle>
        <scale>0</scale>
      </LabelStyle>
      <BalloonStyle>
        <text><![CDATA[<h3>$[name]</h3>]]></text>
      </BalloonStyle>
    </Style>
    <Style id="icon-1596-FBC02D-nodesc-highlight">
      <IconStyle>
        <color>ff2dc0fb</color>
        <scale>1</scale>
        <Icon>
          <href>https://www.gstatic.com/mapspro/images/stock/503-wht-blank_maps.png</href>
        </Icon>
      </IconStyle>
      <LabelStyle>
        <scale>1</scale>
      </LabelStyle>
      <BalloonStyle>
        <text><![CDATA[<h3>$[name]</h3>]]></text>
      </BalloonStyle>
    </Style>
    <StyleMap id="icon-1596-FBC02D-nodesc">
      <Pair>
        <key>normal</key>
        <styleUrl>#icon-1596-FBC02D-nodesc-normal</styleUrl>
      </Pair>
      <Pair>
        <key>highlight</key>
        <styleUrl>#icon-1596-FBC02D-nodesc-highlight</styleUrl>
      </Pair>
    </StyleMap>
    <Style id="icon-1602-000000-nodesc-normal">
      <IconStyle>
        <color>ff000000</color>
        <scale>1</scale>
        <Icon>
          <href>https://www.gstatic.com/mapspro/images/stock/503-wht-blank_maps.png</href>
        </Icon>
      </IconStyle>
      <LabelStyle>
        <scale>0</scale>
      </LabelStyle>
      <BalloonStyle>
        <text><![CDATA[<h3>$[name]</h3>]]></text>
      </BalloonStyle>
    </Style>
    <Style id="icon-1602-000000-nodesc-highlight">
      <IconStyle>
        <color>ff000000</color>
        <scale>1</scale>
        <Icon>
          <href>https://www.gstatic.com/mapspro/images/stock/503-wht-blank_maps.png</href>
        </Icon>
      </IconStyle>
      <LabelStyle>
        <scale>1</scale>
      </LabelStyle>
      <BalloonStyle>
        <text><![CDATA[<h3>$[name]</h3>]]></text>
      </BalloonStyle>
    </Style>
    <StyleMap id="icon-1602-000000-nodesc">
      <Pair>
        <key>normal</key>
        <styleUrl>#icon-1602-000000-nodesc-normal</styleUrl>
      </Pair>
      <Pair>
        <key>highlight</key>
        <styleUrl>#icon-1602-000000-nodesc-highlight</styleUrl>
      </Pair>
    </StyleMap>
    <Style id="icon-1602-1A237E-nodesc-normal">
      <IconStyle>
        <color>ff7e231a</color>
        <scale>1</scale>
        <Icon>
          <href>https://www.gstatic.com/mapspro/images/stock/503-wht-blank_maps.png</href>
        </Icon>
      </IconStyle>
      <LabelStyle>
        <scale>0</scale>
      </LabelStyle>
      <BalloonStyle>
        <text><![CDATA[<h3>$[name]</h3>]]></text>
      </BalloonStyle>
    </Style>
    <Style id="icon-1602-1A237E-nodesc-highlight">
      <IconStyle>
        <color>ff7e231a</color>
        <scale>1</scale>
        <Icon>
          <href>https://www.gstatic.com/mapspro/images/stock/503-wht-blank_maps.png</href>
        </Icon>
      </IconStyle>
      <LabelStyle>
        <scale>1</scale>
      </LabelStyle>
      <BalloonStyle>
        <text><![CDATA[<h3>$[name]</h3>]]></text>
      </BalloonStyle>
    </Style>
    <StyleMap id="icon-1602-1A237E-nodesc">
      <Pair>
        <key>normal</key>
        <styleUrl>#icon-1602-1A237E-nodesc-normal</styleUrl>
      </Pair>
      <Pair>
        <key>highlight</key>
        <styleUrl>#icon-1602-1A237E-nodesc-highlight</styleUrl>
      </Pair>
    </StyleMap>
    <Style id="icon-1602-880E4F-nodesc-normal">
      <IconStyle>
        <color>ff4f0e88</color>
        <scale>1</scale>
        <Icon>
          <href>https://www.gstatic.com/mapspro/images/stock/503-wht-blank_maps.png</href>
        </Icon>
      </IconStyle>
      <LabelStyle>
        <scale>0</scale>
      </LabelStyle>
      <BalloonStyle>
        <text><![CDATA[<h3>$[name]</h3>]]></text>
      </BalloonStyle>
    </Style>
    <Style id="icon-1602-880E4F-nodesc-highlight">
      <IconStyle>
        <color>ff4f0e88</color>
        <scale>1</scale>
        <Icon>
          <href>https://www.gstatic.com/mapspro/images/stock/503-wht-blank_maps.png</href>
        </Icon>
      </IconStyle>
      <LabelStyle>
        <scale>1</scale>
      </LabelStyle>
      <BalloonStyle>
        <text><![CDATA[<h3>$[name]</h3>]]></text>
      </BalloonStyle>
    </Style>
    <StyleMap id="icon-1602-880E4F-nodesc">
      <Pair>
        <key>normal</key>
        <styleUrl>#icon-1602-880E4F-nodesc-normal</styleUrl>
      </Pair>
      <Pair>
        <key>highlight</key>
        <styleUrl>#icon-1602-880E4F-nodesc-highlight</styleUrl>
      </Pair>
    </StyleMap>
    <Style id="icon-1602-A52714-nodesc-normal">
      <IconStyle>
        <color>ff1427a5</color>
        <scale>1</scale>
        <Icon>
          <href>https://www.gstatic.com/mapspro/images/stock/503-wht-blank_maps.png</href>
        </Icon>
      </IconStyle>
      <LabelStyle>
        <scale>0</scale>
      </LabelStyle>
      <BalloonStyle>
        <text><![CDATA[<h3>$[name]</h3>]]></text>
      </BalloonStyle>
    </Style>
    <Style id="icon-1602-A52714-nodesc-highlight">
      <IconStyle>
        <color>ff1427a5</color>
        <scale>1</scale>
        <Icon>
          <href>https://www.gstatic.com/mapspro/images/stock/503-wht-blank_maps.png</href>
        </Icon>
      </IconStyle>
      <LabelStyle>
        <scale>1</scale>
      </LabelStyle>
      <BalloonStyle>
        <text><![CDATA[<h3>$[name]</h3>]]></text>
      </BalloonStyle>
    </Style>
    <StyleMap id="icon-1602-A52714-nodesc">
      <Pair>
        <key>normal</key>
        <styleUrl>#icon-1602-A52714-nodesc-normal</styleUrl>
      </Pair>
      <Pair>
        <key>highlight</key>
        <styleUrl>#icon-1602-A52714-nodesc-highlight</styleUrl>
      </Pair>
    </StyleMap>
    <Style id="icon-1602-C2185B-nodesc-normal">
      <IconStyle>
        <color>ff5b18c2</color>
        <scale>1</scale>
        <Icon>
          <href>https://www.gstatic.com/mapspro/images/stock/503-wht-blank_maps.png</href>
        </Icon>
      </IconStyle>
      <LabelStyle>
        <scale>0</scale>
      </LabelStyle>
      <BalloonStyle>
        <text><![CDATA[<h3>$[name]</h3>]]></text>
      </BalloonStyle>
    </Style>
    <Style id="icon-1602-C2185B-nodesc-highlight">
      <IconStyle>
        <color>ff5b18c2</color>
        <scale>1</scale>
        <Icon>
          <href>https://www.gstatic.com/mapspro/images/stock/503-wht-blank_maps.png</href>
        </Icon>
      </IconStyle>
      <LabelStyle>
        <scale>1</scale>
      </LabelStyle>
      <BalloonStyle>
        <text><![CDATA[<h3>$[name]</h3>]]></text>
      </BalloonStyle>
    </Style>
    <StyleMap id="icon-1602-C2185B-nodesc">
      <Pair>
        <key>normal</key>
        <styleUrl>#icon-1602-C2185B-nodesc-normal</styleUrl>
      </Pair>
      <Pair>
        <key>highlight</key>
        <styleUrl>#icon-1602-C2185B-nodesc-highlight</styleUrl>
      </Pair>
    </StyleMap>
    <Style id="icon-1602-E65100-nodesc-normal">
      <IconStyle>
        <color>ff0051e6</color>
        <scale>1</scale>
        <Icon>
          <href>https://www.gstatic.com/mapspro/images/stock/503-wht-blank_maps.png</href>
        </Icon>
      </IconStyle>
      <LabelStyle>
        <scale>0</scale>
      </LabelStyle>
      <BalloonStyle>
        <text><![CDATA[<h3>$[name]</h3>]]></text>
      </BalloonStyle>
    </Style>
    <Style id="icon-1602-E65100-nodesc-highlight">
      <IconStyle>
        <color>ff0051e6</color>
        <scale>1</scale>
        <Icon>
          <href>https://www.gstatic.com/mapspro/images/stock/503-wht-blank_maps.png</href>
        </Icon>
      </IconStyle>
      <LabelStyle>
        <scale>1</scale>
      </LabelStyle>
      <BalloonStyle>
        <text><![CDATA[<h3>$[name]</h3>]]></text>
      </BalloonStyle>
    </Style>
    <StyleMap id="icon-1602-E65100-nodesc">
      <Pair>
        <key>normal</key>
        <styleUrl>#icon-1602-E65100-nodesc-normal</styleUrl>
      </Pair>
      <Pair>
        <key>highlight</key>
        <styleUrl>#icon-1602-E65100-nodesc-highlight</styleUrl>
      </Pair>
    </StyleMap>
    <Style id="icon-1644-000000-nodesc-normal">
      <IconStyle>
        <color>ff000000</color>
        <scale>1</scale>
        <Icon>
          <href>https://www.gstatic.com/mapspro/images/stock/503-wht-blank_maps.png</href>
        </Icon>
      </IconStyle>
      <LabelStyle>
        <scale>0</scale>
      </LabelStyle>
      <BalloonStyle>
        <text><![CDATA[<h3>$[name]</h3>]]></text>
      </BalloonStyle>
    </Style>
    <Style id="icon-1644-000000-nodesc-highlight">
      <IconStyle>
        <color>ff000000</color>
        <scale>1</scale>
        <Icon>
          <href>https://www.gstatic.com/mapspro/images/stock/503-wht-blank_maps.png</href>
        </Icon>
      </IconStyle>
      <LabelStyle>
        <scale>1</scale>
      </LabelStyle>
      <BalloonStyle>
        <text><![CDATA[<h3>$[name]</h3>]]></text>
      </BalloonStyle>
    </Style>
    <StyleMap id="icon-1644-000000-nodesc">
      <Pair>
        <key>normal</key>
        <styleUrl>#icon-1644-000000-nodesc-normal</styleUrl>
      </Pair>
      <Pair>
        <key>highlight</key>
        <styleUrl>#icon-1644-000000-nodesc-highlight</styleUrl>
      </Pair>
    </StyleMap>
    <Style id="icon-1644-880E4F-nodesc-normal">
      <IconStyle>
        <color>ff4f0e88</color>
        <scale>1</scale>
        <Icon>
          <href>https://www.gstatic.com/mapspro/images/stock/503-wht-blank_maps.png</href>
        </Icon>
      </IconStyle>
      <LabelStyle>
        <scale>0</scale>
      </LabelStyle>
      <BalloonStyle>
        <text><![CDATA[<h3>$[name]</h3>]]></text>
      </BalloonStyle>
    </Style>
    <Style id="icon-1644-880E4F-nodesc-highlight">
      <IconStyle>
        <color>ff4f0e88</color>
        <scale>1</scale>
        <Icon>
          <href>https://www.gstatic.com/mapspro/images/stock/503-wht-blank_maps.png</href>
        </Icon>
      </IconStyle>
      <LabelStyle>
        <scale>1</scale>
      </LabelStyle>
      <BalloonStyle>
        <text><![CDATA[<h3>$[name]</h3>]]></text>
      </BalloonStyle>
    </Style>
    <StyleMap id="icon-1644-880E4F-nodesc">
      <Pair>
        <key>normal</key>
        <styleUrl>#icon-1644-880E4F-nodesc-normal</styleUrl>
      </Pair>
      <Pair>
        <key>highlight</key>
        <styleUrl>#icon-1644-880E4F-nodesc-highlight</styleUrl>
      </Pair>
    </StyleMap>
    <Style id="icon-1644-A52714-nodesc-normal">
      <IconStyle>
        <color>ff1427a5</color>
        <scale>1</scale>
        <Icon>
          <href>https://www.gstatic.com/mapspro/images/stock/503-wht-blank_maps.png</href>
        </Icon>
      </IconStyle>
      <LabelStyle>
        <scale>0</scale>
      </LabelStyle>
      <BalloonStyle>
        <text><![CDATA[<h3>$[name]</h3>]]></text>
      </BalloonStyle>
    </Style>
    <Style id="icon-1644-A52714-nodesc-highlight">
      <IconStyle>
        <color>ff1427a5</color>
        <scale>1</scale>
        <Icon>
          <href>https://www.gstatic.com/mapspro/images/stock/503-wht-blank_maps.png</href>
        </Icon>
      </IconStyle>
      <LabelStyle>
        <scale>1</scale>
      </LabelStyle>
      <BalloonStyle>
        <text><![CDATA[<h3>$[name]</h3>]]></text>
      </BalloonStyle>
    </Style>
    <StyleMap id="icon-1644-A52714-nodesc">
      <Pair>
        <key>normal</key>
        <styleUrl>#icon-1644-A52714-nodesc-normal</styleUrl>
      </Pair>
      <Pair>
        <key>highlight</key>
        <styleUrl>#icon-1644-A52714-nodesc-highlight</styleUrl>
      </Pair>
    </StyleMap>
    <Style id="icon-1670-757575-nodesc-normal">
      <IconStyle>
        <color>ff757575</color>
        <scale>1</scale>
        <Icon>
          <href>https://www.gstatic.com/mapspro/images/stock/503-wht-blank_maps.png</href>
        </Icon>
      </IconStyle>
      <LabelStyle>
        <scale>0</scale>
      </LabelStyle>
      <BalloonStyle>
        <text><![CDATA[<h3>$[name]</h3>]]></text>
      </BalloonStyle>
    </Style>
    <Style id="icon-1670-757575-nodesc-highlight">
      <IconStyle>
        <color>ff757575</color>
        <scale>1</scale>
        <Icon>
          <href>https://www.gstatic.com/mapspro/images/stock/503-wht-blank_maps.png</href>
        </Icon>
      </IconStyle>
      <LabelStyle>
        <scale>1</scale>
      </LabelStyle>
      <BalloonStyle>
        <text><![CDATA[<h3>$[name]</h3>]]></text>
      </BalloonStyle>
    </Style>
    <StyleMap id="icon-1670-757575-nodesc">
      <Pair>
        <key>normal</key>
        <styleUrl>#icon-1670-757575-nodesc-normal</styleUrl>
      </Pair>
      <Pair>
        <key>highlight</key>
        <styleUrl>#icon-1670-757575-nodesc-highlight</styleUrl>
      </Pair>
    </StyleMap>
    <Style id="icon-1670-880E4F-nodesc-normal">
      <IconStyle>
        <color>ff4f0e88</color>
        <scale>1</scale>
        <Icon>
          <href>https://www.gstatic.com/mapspro/images/stock/503-wht-blank_maps.png</href>
        </Icon>
      </IconStyle>
      <LabelStyle>
        <scale>0</scale>
      </LabelStyle>
      <BalloonStyle>
        <text><![CDATA[<h3>$[name]</h3>]]></text>
      </BalloonStyle>
    </Style>
    <Style id="icon-1670-880E4F-nodesc-highlight">
      <IconStyle>
        <color>ff4f0e88</color>
        <scale>1</scale>
        <Icon>
          <href>https://www.gstatic.com/mapspro/images/stock/503-wht-blank_maps.png</href>
        </Icon>
      </IconStyle>
      <LabelStyle>
        <scale>1</scale>
      </LabelStyle>
      <BalloonStyle>
        <text><![CDATA[<h3>$[name]</h3>]]></text>
      </BalloonStyle>
    </Style>
    <StyleMap id="icon-1670-880E4F-nodesc">
      <Pair>
        <key>normal</key>
        <styleUrl>#icon-1670-880E4F-nodesc-normal</styleUrl>
      </Pair>
      <Pair>
        <key>highlight</key>
        <styleUrl>#icon-1670-880E4F-nodesc-highlight</styleUrl>
      </Pair>
    </StyleMap>
    <Style id="icon-1670-9C27B0-nodesc-normal">
      <IconStyle>
        <color>ffb0279c</color>
        <scale>1</scale>
        <Icon>
          <href>https://www.gstatic.com/mapspro/images/stock/503-wht-blank_maps.png</href>
        </Icon>
      </IconStyle>
      <LabelStyle>
        <scale>0</scale>
      </LabelStyle>
      <BalloonStyle>
        <text><![CDATA[<h3>$[name]</h3>]]></text>
      </BalloonStyle>
    </Style>
    <Style id="icon-1670-9C27B0-nodesc-highlight">
      <IconStyle>
        <color>ffb0279c</color>
        <scale>1</scale>
        <Icon>
          <href>https://www.gstatic.com/mapspro/images/stock/503-wht-blank_maps.png</href>
        </Icon>
      </IconStyle>
      <LabelStyle>
        <scale>1</scale>
      </LabelStyle>
      <BalloonStyle>
        <text><![CDATA[<h3>$[name]</h3>]]></text>
      </BalloonStyle>
    </Style>
    <StyleMap id="icon-1670-9C27B0-nodesc">
      <Pair>
        <key>normal</key>
        <styleUrl>#icon-1670-9C27B0-nodesc-normal</styleUrl>
      </Pair>
      <Pair>
        <key>highlight</key>
        <styleUrl>#icon-1670-9C27B0-nodesc-highlight</styleUrl>
      </Pair>
    </StyleMap>
    <Style id="icon-1670-A52714-nodesc-normal">
      <IconStyle>
        <color>ff1427a5</color>
        <scale>1</scale>
        <Icon>
          <href>https://www.gstatic.com/mapspro/images/stock/503-wht-blank_maps.png</href>
        </Icon>
      </IconStyle>
      <LabelStyle>
        <scale>0</scale>
      </LabelStyle>
      <BalloonStyle>
        <text><![CDATA[<h3>$[name]</h3>]]></text>
      </BalloonStyle>
    </Style>
    <Style id="icon-1670-A52714-nodesc-highlight">
      <IconStyle>
        <color>ff1427a5</color>
        <scale>1</scale>
        <Icon>
          <href>https://www.gstatic.com/mapspro/images/stock/503-wht-blank_maps.png</href>
        </Icon>
      </IconStyle>
      <LabelStyle>
        <scale>1</scale>
      </LabelStyle>
      <BalloonStyle>
        <text><![CDATA[<h3>$[name]</h3>]]></text>
      </BalloonStyle>
    </Style>
    <StyleMap id="icon-1670-A52714-nodesc">
      <Pair>
        <key>normal</key>
        <styleUrl>#icon-1670-A52714-nodesc-normal</styleUrl>
      </Pair>
      <Pair>
        <key>highlight</key>
        <styleUrl>#icon-1670-A52714-nodesc-highlight</styleUrl>
      </Pair>
    </StyleMap>
    <Style id="icon-1684-424242-nodesc-normal">
      <IconStyle>
        <color>ff424242</color>
        <scale>1</scale>
        <Icon>
          <href>https://www.gstatic.com/mapspro/images/stock/503-wht-blank_maps.png</href>
        </Icon>
      </IconStyle>
      <LabelStyle>
        <scale>0</scale>
      </LabelStyle>
      <BalloonStyle>
        <text><![CDATA[<h3>$[name]</h3>]]></text>
      </BalloonStyle>
    </Style>
    <Style id="icon-1684-424242-nodesc-highlight">
      <IconStyle>
        <color>ff424242</color>
        <scale>1</scale>
        <Icon>
          <href>https://www.gstatic.com/mapspro/images/stock/503-wht-blank_maps.png</href>
        </Icon>
      </IconStyle>
      <LabelStyle>
        <scale>1</scale>
      </LabelStyle>
      <BalloonStyle>
        <text><![CDATA[<h3>$[name]</h3>]]></text>
      </BalloonStyle>
    </Style>
    <StyleMap id="icon-1684-424242-nodesc">
      <Pair>
        <key>normal</key>
        <styleUrl>#icon-1684-424242-nodesc-normal</styleUrl>
      </Pair>
      <Pair>
        <key>highlight</key>
        <styleUrl>#icon-1684-424242-nodesc-highlight</styleUrl>
      </Pair>
    </StyleMap>
    <Style id="icon-1684-757575-nodesc-normal">
      <IconStyle>
        <color>ff757575</color>
        <scale>1</scale>
        <Icon>
          <href>https://www.gstatic.com/mapspro/images/stock/503-wht-blank_maps.png</href>
        </Icon>
      </IconStyle>
      <LabelStyle>
        <scale>0</scale>
      </LabelStyle>
      <BalloonStyle>
        <text><![CDATA[<h3>$[name]</h3>]]></text>
      </BalloonStyle>
    </Style>
    <Style id="icon-1684-757575-nodesc-highlight">
      <IconStyle>
        <color>ff757575</color>
        <scale>1</scale>
        <Icon>
          <href>https://www.gstatic.com/mapspro/images/stock/503-wht-blank_maps.png</href>
        </Icon>
      </IconStyle>
      <LabelStyle>
        <scale>1</scale>
      </LabelStyle>
      <BalloonStyle>
        <text><![CDATA[<h3>$[name]</h3>]]></text>
      </BalloonStyle>
    </Style>
    <StyleMap id="icon-1684-757575-nodesc">
      <Pair>
        <key>normal</key>
        <styleUrl>#icon-1684-757575-nodesc-normal</styleUrl>
      </Pair>
      <Pair>
        <key>highlight</key>
        <styleUrl>#icon-1684-757575-nodesc-highlight</styleUrl>
      </Pair>
    </StyleMap>
    <Style id="icon-1684-817717-nodesc-normal">
      <IconStyle>
        <color>ff177781</color>
        <scale>1</scale>
        <Icon>
          <href>https://www.gstatic.com/mapspro/images/stock/503-wht-blank_maps.png</href>
        </Icon>
      </IconStyle>
      <LabelStyle>
        <scale>0</scale>
      </LabelStyle>
      <BalloonStyle>
        <text><![CDATA[<h3>$[name]</h3>]]></text>
      </BalloonStyle>
    </Style>
    <Style id="icon-1684-817717-nodesc-highlight">
      <IconStyle>
        <color>ff177781</color>
        <scale>1</scale>
        <Icon>
          <href>https://www.gstatic.com/mapspro/images/stock/503-wht-blank_maps.png</href>
        </Icon>
      </IconStyle>
      <LabelStyle>
        <scale>1</scale>
      </LabelStyle>
      <BalloonStyle>
        <text><![CDATA[<h3>$[name]</h3>]]></text>
      </BalloonStyle>
    </Style>
    <StyleMap id="icon-1684-817717-nodesc">
      <Pair>
        <key>normal</key>
        <styleUrl>#icon-1684-817717-nodesc-normal</styleUrl>
      </Pair>
      <Pair>
        <key>highlight</key>
        <styleUrl>#icon-1684-817717-nodesc-highlight</styleUrl>
      </Pair>
    </StyleMap>
    <Style id="icon-1684-E65100-nodesc-normal">
      <IconStyle>
        <color>ff0051e6</color>
        <scale>1</scale>
        <Icon>
          <href>https://www.gstatic.com/mapspro/images/stock/503-wht-blank_maps.png</href>
        </Icon>
      </IconStyle>
      <LabelStyle>
        <scale>0</scale>
      </LabelStyle>
      <BalloonStyle>
        <text><![CDATA[<h3>$[name]</h3>]]></text>
      </BalloonStyle>
    </Style>
    <Style id="icon-1684-E65100-nodesc-highlight">
      <IconStyle>
        <color>ff0051e6</color>
        <scale>1</scale>
        <Icon>
          <href>https://www.gstatic.com/mapspro/images/stock/503-wht-blank_maps.png</href>
        </Icon>
      </IconStyle>
      <LabelStyle>
        <scale>1</scale>
      </LabelStyle>
      <BalloonStyle>
        <text><![CDATA[<h3>$[name]</h3>]]></text>
      </BalloonStyle>
    </Style>
    <StyleMap id="icon-1684-E65100-nodesc">
      <Pair>
        <key>normal</key>
        <styleUrl>#icon-1684-E65100-nodesc-normal</styleUrl>
      </Pair>
      <Pair>
        <key>highlight</key>
        <styleUrl>#icon-1684-E65100-nodesc-highlight</styleUrl>
      </Pair>
    </StyleMap>
    <Style id="icon-1811-01579B-nodesc-normal">
      <IconStyle>
        <color>ff9b5701</color>
        <scale>1</scale>
        <Icon>
          <href>https://www.gstatic.com/mapspro/images/stock/503-wht-blank_maps.png</href>
        </Icon>
      </IconStyle>
      <LabelStyle>
        <scale>0</scale>
      </LabelStyle>
      <BalloonStyle>
        <text><![CDATA[<h3>$[name]</h3>]]></text>
      </BalloonStyle>
    </Style>
    <Style id="icon-1811-01579B-nodesc-highlight">
      <IconStyle>
        <color>ff9b5701</color>
        <scale>1</scale>
        <Icon>
          <href>https://www.gstatic.com/mapspro/images/stock/503-wht-blank_maps.png</href>
        </Icon>
      </IconStyle>
      <LabelStyle>
        <scale>1</scale>
      </LabelStyle>
      <BalloonStyle>
        <text><![CDATA[<h3>$[name]</h3>]]></text>
      </BalloonStyle>
    </Style>
    <StyleMap id="icon-1811-01579B-nodesc">
      <Pair>
        <key>normal</key>
        <styleUrl>#icon-1811-01579B-nodesc-normal</styleUrl>
      </Pair>
      <Pair>
        <key>highlight</key>
        <styleUrl>#icon-1811-01579B-nodesc-highlight</styleUrl>
      </Pair>
    </StyleMap>
    <Style id="icon-1811-AFB42B-nodesc-normal">
      <IconStyle>
        <color>ff2bb4af</color>
        <scale>1</scale>
        <Icon>
          <href>https://www.gstatic.com/mapspro/images/stock/503-wht-blank_maps.png</href>
        </Icon>
      </IconStyle>
      <LabelStyle>
        <scale>0</scale>
      </LabelStyle>
      <BalloonStyle>
        <text><![CDATA[<h3>$[name]</h3>]]></text>
      </BalloonStyle>
    </Style>
    <Style id="icon-1811-AFB42B-nodesc-highlight">
      <IconStyle>
        <color>ff2bb4af</color>
        <scale>1</scale>
        <Icon>
          <href>https://www.gstatic.com/mapspro/images/stock/503-wht-blank_maps.png</href>
        </Icon>
      </IconStyle>
      <LabelStyle>
        <scale>1</scale>
      </LabelStyle>
      <BalloonStyle>
        <text><![CDATA[<h3>$[name]</h3>]]></text>
      </BalloonStyle>
    </Style>
    <StyleMap id="icon-1811-AFB42B-nodesc">
      <Pair>
        <key>normal</key>
        <styleUrl>#icon-1811-AFB42B-nodesc-normal</styleUrl>
      </Pair>
      <Pair>
        <key>highlight</key>
        <styleUrl>#icon-1811-AFB42B-nodesc-highlight</styleUrl>
      </Pair>
    </StyleMap>
    <Style id="icon-1811-E65100-nodesc-normal">
      <IconStyle>
        <color>ff0051e6</color>
        <scale>1</scale>
        <Icon>
          <href>https://www.gstatic.com/mapspro/images/stock/503-wht-blank_maps.png</href>
        </Icon>
      </IconStyle>
      <LabelStyle>
        <scale>0</scale>
      </LabelStyle>
      <BalloonStyle>
        <text><![CDATA[<h3>$[name]</h3>]]></text>
      </BalloonStyle>
    </Style>
    <Style id="icon-1811-E65100-nodesc-highlight">
      <IconStyle>
        <color>ff0051e6</color>
        <scale>1</scale>
        <Icon>
          <href>https://www.gstatic.com/mapspro/images/stock/503-wht-blank_maps.png</href>
        </Icon>
      </IconStyle>
      <LabelStyle>
        <scale>1</scale>
      </LabelStyle>
      <BalloonStyle>
        <text><![CDATA[<h3>$[name]</h3>]]></text>
      </BalloonStyle>
    </Style>
    <StyleMap id="icon-1811-E65100-nodesc">
      <Pair>
        <key>normal</key>
        <styleUrl>#icon-1811-E65100-nodesc-normal</styleUrl>
      </Pair>
      <Pair>
        <key>highlight</key>
        <styleUrl>#icon-1811-E65100-nodesc-highlight</styleUrl>
      </Pair>
    </StyleMap>
    <Style id="icon-1811-F57C00-nodesc-normal">
      <IconStyle>
        <color>ff007cf5</color>
        <scale>1</scale>
        <Icon>
          <href>https://www.gstatic.com/mapspro/images/stock/503-wht-blank_maps.png</href>
        </Icon>
      </IconStyle>
      <LabelStyle>
        <scale>0</scale>
      </LabelStyle>
      <BalloonStyle>
        <text><![CDATA[<h3>$[name]</h3>]]></text>
      </BalloonStyle>
    </Style>
    <Style id="icon-1811-F57C00-nodesc-highlight">
      <IconStyle>
        <color>ff007cf5</color>
        <scale>1</scale>
        <Icon>
          <href>https://www.gstatic.com/mapspro/images/stock/503-wht-blank_maps.png</href>
        </Icon>
      </IconStyle>
      <LabelStyle>
        <scale>1</scale>
      </LabelStyle>
      <BalloonStyle>
        <text><![CDATA[<h3>$[name]</h3>]]></text>
      </BalloonStyle>
    </Style>
    <StyleMap id="icon-1811-F57C00-nodesc">
      <Pair>
        <key>normal</key>
        <styleUrl>#icon-1811-F57C00-nodesc-normal</styleUrl>
      </Pair>
      <Pair>
        <key>highlight</key>
        <styleUrl>#icon-1811-F57C00-nodesc-highlight</styleUrl>
      </Pair>
    </StyleMap>
    <Style id="icon-1811-FBC02D-nodesc-normal">
      <IconStyle>
        <color>ff2dc0fb</color>
        <scale>1</scale>
        <Icon>
          <href>https://www.gstatic.com/mapspro/images/stock/503-wht-blank_maps.png</href>
        </Icon>
      </IconStyle>
      <LabelStyle>
        <scale>0</scale>
      </LabelStyle>
      <BalloonStyle>
        <text><![CDATA[<h3>$[name]</h3>]]></text>
      </BalloonStyle>
    </Style>
    <Style id="icon-1811-FBC02D-nodesc-highlight">
      <IconStyle>
        <color>ff2dc0fb</color>
        <scale>1</scale>
        <Icon>
          <href>https://www.gstatic.com/mapspro/images/stock/503-wht-blank_maps.png</href>
        </Icon>
      </IconStyle>
      <LabelStyle>
        <scale>1</scale>
      </LabelStyle>
      <BalloonStyle>
        <text><![CDATA[<h3>$[name]</h3>]]></text>
      </BalloonStyle>
    </Style>
    <StyleMap id="icon-1811-FBC02D-nodesc">
      <Pair>
        <key>normal</key>
        <styleUrl>#icon-1811-FBC02D-nodesc-normal</styleUrl>
      </Pair>
      <Pair>
        <key>highlight</key>
        <styleUrl>#icon-1811-FBC02D-nodesc-highlight</styleUrl>
      </Pair>
    </StyleMap>
    <Style id="icon-1870-000000-nodesc-normal">
      <IconStyle>
        <color>ff000000</color>
        <scale>1</scale>
        <Icon>
          <href>https://www.gstatic.com/mapspro/images/stock/503-wht-blank_maps.png</href>
        </Icon>
      </IconStyle>
      <LabelStyle>
        <scale>0</scale>
      </LabelStyle>
      <BalloonStyle>
        <text><![CDATA[<h3>$[name]</h3>]]></text>
      </BalloonStyle>
    </Style>
    <Style id="icon-1870-000000-nodesc-highlight">
      <IconStyle>
        <color>ff000000</color>
        <scale>1</scale>
        <Icon>
          <href>https://www.gstatic.com/mapspro/images/stock/503-wht-blank_maps.png</href>
        </Icon>
      </IconStyle>
      <LabelStyle>
        <scale>1</scale>
      </LabelStyle>
      <BalloonStyle>
        <text><![CDATA[<h3>$[name]</h3>]]></text>
      </BalloonStyle>
    </Style>
    <StyleMap id="icon-1870-000000-nodesc">
      <Pair>
        <key>normal</key>
        <styleUrl>#icon-1870-000000-nodesc-normal</styleUrl>
      </Pair>
      <Pair>
        <key>highlight</key>
        <styleUrl>#icon-1870-000000-nodesc-highlight</styleUrl>
      </Pair>
    </StyleMap>
    <Style id="icon-1874-1A237E-nodesc-normal">
      <IconStyle>
        <color>ff7e231a</color>
        <scale>1</scale>
        <Icon>
          <href>https://www.gstatic.com/mapspro/images/stock/503-wht-blank_maps.png</href>
        </Icon>
      </IconStyle>
      <LabelStyle>
        <scale>0</scale>
      </LabelStyle>
      <BalloonStyle>
        <text><![CDATA[<h3>$[name]</h3>]]></text>
      </BalloonStyle>
    </Style>
    <Style id="icon-1874-1A237E-nodesc-highlight">
      <IconStyle>
        <color>ff7e231a</color>
        <scale>1</scale>
        <Icon>
          <href>https://www.gstatic.com/mapspro/images/stock/503-wht-blank_maps.png</href>
        </Icon>
      </IconStyle>
      <LabelStyle>
        <scale>1</scale>
      </LabelStyle>
      <BalloonStyle>
        <text><![CDATA[<h3>$[name]</h3>]]></text>
      </BalloonStyle>
    </Style>
    <StyleMap id="icon-1874-1A237E-nodesc">
      <Pair>
        <key>normal</key>
        <styleUrl>#icon-1874-1A237E-nodesc-normal</styleUrl>
      </Pair>
      <Pair>
        <key>highlight</key>
        <styleUrl>#icon-1874-1A237E-nodesc-highlight</styleUrl>
      </Pair>
    </StyleMap>
    <Style id="icon-1892-006064-nodesc-normal">
      <IconStyle>
        <color>ff646000</color>
        <scale>1</scale>
        <Icon>
          <href>https://www.gstatic.com/mapspro/images/stock/503-wht-blank_maps.png</href>
        </Icon>
      </IconStyle>
      <LabelStyle>
        <scale>0</scale>
      </LabelStyle>
      <BalloonStyle>
        <text><![CDATA[<h3>$[name]</h3>]]></text>
      </BalloonStyle>
    </Style>
    <Style id="icon-1892-006064-nodesc-highlight">
      <IconStyle>
        <color>ff646000</color>
        <scale>1</scale>
        <Icon>
          <href>https://www.gstatic.com/mapspro/images/stock/503-wht-blank_maps.png</href>
        </Icon>
      </IconStyle>
      <LabelStyle>
        <scale>1</scale>
      </LabelStyle>
      <BalloonStyle>
        <text><![CDATA[<h3>$[name]</h3>]]></text>
      </BalloonStyle>
    </Style>
    <StyleMap id="icon-1892-006064-nodesc">
      <Pair>
        <key>normal</key>
        <styleUrl>#icon-1892-006064-nodesc-normal</styleUrl>
      </Pair>
      <Pair>
        <key>highlight</key>
        <styleUrl>#icon-1892-006064-nodesc-highlight</styleUrl>
      </Pair>
    </StyleMap>
    <Style id="icon-1892-01579B-nodesc-normal">
      <IconStyle>
        <color>ff9b5701</color>
        <scale>1</scale>
        <Icon>
          <href>https://www.gstatic.com/mapspro/images/stock/503-wht-blank_maps.png</href>
        </Icon>
      </IconStyle>
      <LabelStyle>
        <scale>0</scale>
      </LabelStyle>
      <BalloonStyle>
        <text><![CDATA[<h3>$[name]</h3>]]></text>
      </BalloonStyle>
    </Style>
    <Style id="icon-1892-01579B-nodesc-highlight">
      <IconStyle>
        <color>ff9b5701</color>
        <scale>1</scale>
        <Icon>
          <href>https://www.gstatic.com/mapspro/images/stock/503-wht-blank_maps.png</href>
        </Icon>
      </IconStyle>
      <LabelStyle>
        <scale>1</scale>
      </LabelStyle>
      <BalloonStyle>
        <text><![CDATA[<h3>$[name]</h3>]]></text>
      </BalloonStyle>
    </Style>
    <StyleMap id="icon-1892-01579B-nodesc">
      <Pair>
        <key>normal</key>
        <styleUrl>#icon-1892-01579B-nodesc-normal</styleUrl>
      </Pair>
      <Pair>
        <key>highlight</key>
        <styleUrl>#icon-1892-01579B-nodesc-highlight</styleUrl>
      </Pair>
    </StyleMap>
    <Style id="icon-1892-0288D1-nodesc-normal">
      <IconStyle>
        <color>ffd18802</color>
        <scale>1</scale>
        <Icon>
          <href>https://www.gstatic.com/mapspro/images/stock/503-wht-blank_maps.png</href>
        </Icon>
      </IconStyle>
      <LabelStyle>
        <scale>0</scale>
      </LabelStyle>
      <BalloonStyle>
        <text><![CDATA[<h3>$[name]</h3>]]></text>
      </BalloonStyle>
    </Style>
    <Style id="icon-1892-0288D1-nodesc-highlight">
      <IconStyle>
        <color>ffd18802</color>
        <scale>1</scale>
        <Icon>
          <href>https://www.gstatic.com/mapspro/images/stock/503-wht-blank_maps.png</href>
        </Icon>
      </IconStyle>
      <LabelStyle>
        <scale>1</scale>
      </LabelStyle>
      <BalloonStyle>
        <text><![CDATA[<h3>$[name]</h3>]]></text>
      </BalloonStyle>
    </Style>
    <StyleMap id="icon-1892-0288D1-nodesc">
      <Pair>
        <key>normal</key>
        <styleUrl>#icon-1892-0288D1-nodesc-normal</styleUrl>
      </Pair>
      <Pair>
        <key>highlight</key>
        <styleUrl>#icon-1892-0288D1-nodesc-highlight</styleUrl>
      </Pair>
    </StyleMap>
    <Style id="icon-1892-0F9D58-nodesc-normal">
      <IconStyle>
        <color>ff589d0f</color>
        <scale>1</scale>
        <Icon>
          <href>https://www.gstatic.com/mapspro/images/stock/503-wht-blank_maps.png</href>
        </Icon>
      </IconStyle>
      <LabelStyle>
        <scale>0</scale>
      </LabelStyle>
      <BalloonStyle>
        <text><![CDATA[<h3>$[name]</h3>]]></text>
      </BalloonStyle>
    </Style>
    <Style id="icon-1892-0F9D58-nodesc-highlight">
      <IconStyle>
        <color>ff589d0f</color>
        <scale>1</scale>
        <Icon>
          <href>https://www.gstatic.com/mapspro/images/stock/503-wht-blank_maps.png</href>
        </Icon>
      </IconStyle>
      <LabelStyle>
        <scale>1</scale>
      </LabelStyle>
      <BalloonStyle>
        <text><![CDATA[<h3>$[name]</h3>]]></text>
      </BalloonStyle>
    </Style>
    <StyleMap id="icon-1892-0F9D58-nodesc">
      <Pair>
        <key>normal</key>
        <styleUrl>#icon-1892-0F9D58-nodesc-normal</styleUrl>
      </Pair>
      <Pair>
        <key>highlight</key>
        <styleUrl>#icon-1892-0F9D58-nodesc-highlight</styleUrl>
      </Pair>
    </StyleMap>
    <Style id="icon-1892-C2185B-nodesc-normal">
      <IconStyle>
        <color>ff5b18c2</color>
        <scale>1</scale>
        <Icon>
          <href>https://www.gstatic.com/mapspro/images/stock/503-wht-blank_maps.png</href>
        </Icon>
      </IconStyle>
      <LabelStyle>
        <scale>0</scale>
      </LabelStyle>
      <BalloonStyle>
        <text><![CDATA[<h3>$[name]</h3>]]></text>
      </BalloonStyle>
    </Style>
    <Style id="icon-1892-C2185B-nodesc-highlight">
      <IconStyle>
        <color>ff5b18c2</color>
        <scale>1</scale>
        <Icon>
          <href>https://www.gstatic.com/mapspro/images/stock/503-wht-blank_maps.png</href>
        </Icon>
      </IconStyle>
      <LabelStyle>
        <scale>1</scale>
      </LabelStyle>
      <BalloonStyle>
        <text><![CDATA[<h3>$[name]</h3>]]></text>
      </BalloonStyle>
    </Style>
    <StyleMap id="icon-1892-C2185B-nodesc">
      <Pair>
        <key>normal</key>
        <styleUrl>#icon-1892-C2185B-nodesc-normal</styleUrl>
      </Pair>
      <Pair>
        <key>highlight</key>
        <styleUrl>#icon-1892-C2185B-nodesc-highlight</styleUrl>
      </Pair>
    </StyleMap>
    <Style id="icon-1894-0F9D58-nodesc-normal">
      <IconStyle>
        <color>ff589d0f</color>
        <scale>1</scale>
        <Icon>
          <href>https://www.gstatic.com/mapspro/images/stock/503-wht-blank_maps.png</href>
        </Icon>
      </IconStyle>
      <LabelStyle>
        <scale>0</scale>
      </LabelStyle>
      <BalloonStyle>
        <text><![CDATA[<h3>$[name]</h3>]]></text>
      </BalloonStyle>
    </Style>
    <Style id="icon-1894-0F9D58-nodesc-highlight">
      <IconStyle>
        <color>ff589d0f</color>
        <scale>1</scale>
        <Icon>
          <href>https://www.gstatic.com/mapspro/images/stock/503-wht-blank_maps.png</href>
        </Icon>
      </IconStyle>
      <LabelStyle>
        <scale>1</scale>
      </LabelStyle>
      <BalloonStyle>
        <text><![CDATA[<h3>$[name]</h3>]]></text>
      </BalloonStyle>
    </Style>
    <StyleMap id="icon-1894-0F9D58-nodesc">
      <Pair>
        <key>normal</key>
        <styleUrl>#icon-1894-0F9D58-nodesc-normal</styleUrl>
      </Pair>
      <Pair>
        <key>highlight</key>
        <styleUrl>#icon-1894-0F9D58-nodesc-highlight</styleUrl>
      </Pair>
    </StyleMap>
    <Style id="icon-1899-000000-nodesc-normal">
      <IconStyle>
        <color>ff000000</color>
        <scale>1</scale>
        <Icon>
          <href>https://www.gstatic.com/mapspro/images/stock/503-wht-blank_maps.png</href>
        </Icon>
        <hotSpot x="32" xunits="pixels" y="64" yunits="insetPixels"/>
      </IconStyle>
      <LabelStyle>
        <scale>0</scale>
      </LabelStyle>
      <BalloonStyle>
        <text><![CDATA[<h3>$[name]</h3>]]></text>
      </BalloonStyle>
    </Style>
    <Style id="icon-1899-000000-nodesc-highlight">
      <IconStyle>
        <color>ff000000</color>
        <scale>1</scale>
        <Icon>
          <href>https://www.gstatic.com/mapspro/images/stock/503-wht-blank_maps.png</href>
        </Icon>
        <hotSpot x="32" xunits="pixels" y="64" yunits="insetPixels"/>
      </IconStyle>
      <LabelStyle>
        <scale>1</scale>
      </LabelStyle>
      <BalloonStyle>
        <text><![CDATA[<h3>$[name]</h3>]]></text>
      </BalloonStyle>
    </Style>
    <StyleMap id="icon-1899-000000-nodesc">
      <Pair>
        <key>normal</key>
        <styleUrl>#icon-1899-000000-nodesc-normal</styleUrl>
      </Pair>
      <Pair>
        <key>highlight</key>
        <styleUrl>#icon-1899-000000-nodesc-highlight</styleUrl>
      </Pair>
    </StyleMap>
    <Style id="icon-1899-0288D1-nodesc-normal">
      <IconStyle>
        <color>ffd18802</color>
        <scale>1</scale>
        <Icon>
          <href>https://www.gstatic.com/mapspro/images/stock/503-wht-blank_maps.png</href>
        </Icon>
        <hotSpot x="32" xunits="pixels" y="64" yunits="insetPixels"/>
      </IconStyle>
      <LabelStyle>
        <scale>0</scale>
      </LabelStyle>
      <BalloonStyle>
        <text><![CDATA[<h3>$[name]</h3>]]></text>
      </BalloonStyle>
    </Style>
    <Style id="icon-1899-0288D1-nodesc-highlight">
      <IconStyle>
        <color>ffd18802</color>
        <scale>1</scale>
        <Icon>
          <href>https://www.gstatic.com/mapspro/images/stock/503-wht-blank_maps.png</href>
        </Icon>
        <hotSpot x="32" xunits="pixels" y="64" yunits="insetPixels"/>
      </IconStyle>
      <LabelStyle>
        <scale>1</scale>
      </LabelStyle>
      <BalloonStyle>
        <text><![CDATA[<h3>$[name]</h3>]]></text>
      </BalloonStyle>
    </Style>
    <StyleMap id="icon-1899-0288D1-nodesc">
      <Pair>
        <key>normal</key>
        <styleUrl>#icon-1899-0288D1-nodesc-normal</styleUrl>
      </Pair>
      <Pair>
        <key>highlight</key>
        <styleUrl>#icon-1899-0288D1-nodesc-highlight</styleUrl>
      </Pair>
    </StyleMap>
    <Style id="icon-1899-4E342E-nodesc-normal">
      <IconStyle>
        <color>ff2e344e</color>
        <scale>1</scale>
        <Icon>
          <href>https://www.gstatic.com/mapspro/images/stock/503-wht-blank_maps.png</href>
        </Icon>
        <hotSpot x="32" xunits="pixels" y="64" yunits="insetPixels"/>
      </IconStyle>
      <LabelStyle>
        <scale>0</scale>
      </LabelStyle>
      <BalloonStyle>
        <text><![CDATA[<h3>$[name]</h3>]]></text>
      </BalloonStyle>
    </Style>
    <Style id="icon-1899-4E342E-nodesc-highlight">
      <IconStyle>
        <color>ff2e344e</color>
        <scale>1</scale>
        <Icon>
          <href>https://www.gstatic.com/mapspro/images/stock/503-wht-blank_maps.png</href>
        </Icon>
        <hotSpot x="32" xunits="pixels" y="64" yunits="insetPixels"/>
      </IconStyle>
      <LabelStyle>
        <scale>1</scale>
      </LabelStyle>
      <BalloonStyle>
        <text><![CDATA[<h3>$[name]</h3>]]></text>
      </BalloonStyle>
    </Style>
    <StyleMap id="icon-1899-4E342E-nodesc">
      <Pair>
        <key>normal</key>
        <styleUrl>#icon-1899-4E342E-nodesc-normal</styleUrl>
      </Pair>
      <Pair>
        <key>highlight</key>
        <styleUrl>#icon-1899-4E342E-nodesc-highlight</styleUrl>
      </Pair>
    </StyleMap>
    <Style id="icon-1899-757575-nodesc-normal">
      <IconStyle>
        <color>ff757575</color>
        <scale>1</scale>
        <Icon>
          <href>https://www.gstatic.com/mapspro/images/stock/503-wht-blank_maps.png</href>
        </Icon>
        <hotSpot x="32" xunits="pixels" y="64" yunits="insetPixels"/>
      </IconStyle>
      <LabelStyle>
        <scale>0</scale>
      </LabelStyle>
      <BalloonStyle>
        <text><![CDATA[<h3>$[name]</h3>]]></text>
      </BalloonStyle>
    </Style>
    <Style id="icon-1899-757575-nodesc-highlight">
      <IconStyle>
        <color>ff757575</color>
        <scale>1</scale>
        <Icon>
          <href>https://www.gstatic.com/mapspro/images/stock/503-wht-blank_maps.png</href>
        </Icon>
        <hotSpot x="32" xunits="pixels" y="64" yunits="insetPixels"/>
      </IconStyle>
      <LabelStyle>
        <scale>1</scale>
      </LabelStyle>
      <BalloonStyle>
        <text><![CDATA[<h3>$[name]</h3>]]></text>
      </BalloonStyle>
    </Style>
    <StyleMap id="icon-1899-757575-nodesc">
      <Pair>
        <key>normal</key>
        <styleUrl>#icon-1899-757575-nodesc-normal</styleUrl>
      </Pair>
      <Pair>
        <key>highlight</key>
        <styleUrl>#icon-1899-757575-nodesc-highlight</styleUrl>
      </Pair>
    </StyleMap>
    <Style id="icon-1899-FF5252-nodesc-normal">
      <IconStyle>
        <color>ff5252ff</color>
        <scale>1</scale>
        <Icon>
          <href>https://www.gstatic.com/mapspro/images/stock/503-wht-blank_maps.png</href>
        </Icon>
        <hotSpot x="32" xunits="pixels" y="64" yunits="insetPixels"/>
      </IconStyle>
      <LabelStyle>
        <scale>0</scale>
      </LabelStyle>
      <BalloonStyle>
        <text><![CDATA[<h3>$[name]</h3>]]></text>
      </BalloonStyle>
    </Style>
    <Style id="icon-1899-FF5252-nodesc-highlight">
      <IconStyle>
        <color>ff5252ff</color>
        <scale>1</scale>
        <Icon>
          <href>https://www.gstatic.com/mapspro/images/stock/503-wht-blank_maps.png</href>
        </Icon>
        <hotSpot x="32" xunits="pixels" y="64" yunits="insetPixels"/>
      </IconStyle>
      <LabelStyle>
        <scale>1</scale>
      </LabelStyle>
      <BalloonStyle>
        <text><![CDATA[<h3>$[name]</h3>]]></text>
      </BalloonStyle>
    </Style>
    <StyleMap id="icon-1899-FF5252-nodesc">
      <Pair>
        <key>normal</key>
        <styleUrl>#icon-1899-FF5252-nodesc-normal</styleUrl>
      </Pair>
      <Pair>
        <key>highlight</key>
        <styleUrl>#icon-1899-FF5252-nodesc-highlight</styleUrl>
      </Pair>
    </StyleMap>
    <Style id="icon-1899-FFD600-nodesc-normal">
      <IconStyle>
        <color>ff00d6ff</color>
        <scale>1</scale>
        <Icon>
          <href>https://www.gstatic.com/mapspro/images/stock/503-wht-blank_maps.png</href>
        </Icon>
        <hotSpot x="32" xunits="pixels" y="64" yunits="insetPixels"/>
      </IconStyle>
      <LabelStyle>
        <scale>0</scale>
      </LabelStyle>
      <BalloonStyle>
        <text><![CDATA[<h3>$[name]</h3>]]></text>
      </BalloonStyle>
    </Style>
    <Style id="icon-1899-FFD600-nodesc-highlight">
      <IconStyle>
        <color>ff00d6ff</color>
        <scale>1</scale>
        <Icon>
          <href>https://www.gstatic.com/mapspro/images/stock/503-wht-blank_maps.png</href>
        </Icon>
        <hotSpot x="32" xunits="pixels" y="64" yunits="insetPixels"/>
      </IconStyle>
      <LabelStyle>
        <scale>1</scale>
      </LabelStyle>
      <BalloonStyle>
        <text><![CDATA[<h3>$[name]</h3>]]></text>
      </BalloonStyle>
    </Style>
    <StyleMap id="icon-1899-FFD600-nodesc">
      <Pair>
        <key>normal</key>
        <styleUrl>#icon-1899-FFD600-nodesc-normal</styleUrl>
      </Pair>
      <Pair>
        <key>highlight</key>
        <styleUrl>#icon-1899-FFD600-nodesc-highlight</styleUrl>
      </Pair>
    </StyleMap>
    <Folder>
      <name>day1</name>
      <Placemark>
        <name>Kef Guesthouse</name>
        <styleUrl>#icon-1602-1A237E-nodesc</styleUrl>
        <Point>
          <coordinates>
            -22.5584722,63.9818914,0
          </coordinates>
        </Point>
      </Placemark>
      <Placemark>
        <name>Thingvellir National Park</name>
        <styleUrl>#icon-1899-FFD600-nodesc</styleUrl>
        <Point>
          <coordinates>
            -21.0764491,64.2821725,0
          </coordinates>
        </Point>
      </Placemark>
      <Placemark>
        <name>Reykjadalur Hot Spring Thermal River</name>
        <styleUrl>#icon-1811-F57C00-nodesc</styleUrl>
        <Point>
          <coordinates>
            -21.2111691,64.0218948,0
          </coordinates>
        </Point>
      </Placemark>
      <Placemark>
        <name>Silfra meeting point</name>
        <styleUrl>#icon-1870-000000-nodesc</styleUrl>
        <Point>
          <coordinates>
            -21.1170415,64.2562377,0
          </coordinates>
        </Point>
      </Placemark>
      <Placemark>
        <name>Öxarárfoss Parking P2</name>
        <styleUrl>#icon-1644-A52714-nodesc</styleUrl>
        <Point>
          <coordinates>
            -21.1148466,64.2647462,0
          </coordinates>
        </Point>
      </Placemark>
      <Placemark>
        <name>Þingvellir Parking P5</name>
        <styleUrl>#icon-1644-880E4F-nodesc</styleUrl>
        <Point>
          <coordinates>
            -21.1237145,64.2558218,0
          </coordinates>
        </Point>
      </Placemark>
      <Placemark>
        <name>Dead Man Walk</name>
        <styleUrl>#icon-1596-E65100-nodesc</styleUrl>
        <Point>
          <coordinates>
            -21.1101336,64.2708116,0
          </coordinates>
        </Point>
      </Placemark>
      <Placemark>
        <name>Brúarfoss</name>
        <styleUrl>#icon-1892-01579B-nodesc</styleUrl>
        <Point>
          <coordinates>
            -20.5157467,64.2643026,0
          </coordinates>
        </Point>
      </Placemark>
      <Placemark>
        <name>Geysir</name>
        <styleUrl>#icon-1535-FBC02D-nodesc</styleUrl>
        <Point>
          <coordinates>
            -20.3023605,64.3103719,0
          </coordinates>
        </Point>
      </Placemark>
      <Placemark>
        <name>Geysir Parking</name>
        <styleUrl>#icon-1644-880E4F-nodesc</styleUrl>
        <Point>
          <coordinates>
            -20.3033774,64.3092721,0
          </coordinates>
        </Point>
      </Placemark>
      <Placemark>
        <name>Gullfoss falls Car Park</name>
        <styleUrl>#icon-1644-880E4F-nodesc</styleUrl>
        <Point>
          <coordinates>
            -20.129885,64.3252353,0
          </coordinates>
        </Point>
      </Placemark>
      <Placemark>
        <name>Secret Lagoon</name>
        <styleUrl>#icon-1811-F57C00-nodesc</styleUrl>
        <Point>
          <coordinates>
            -20.3096984,64.1373976,0
          </coordinates>
        </Point>
      </Placemark>
      <Placemark>
        <name>Kerið Crater</name>
        <styleUrl>#icon-1535-F9A825-nodesc</styleUrl>
        <Point>
          <coordinates>
            -20.8851466,64.0412785,0
          </coordinates>
        </Point>
      </Placemark>
      <Placemark>
        <name>Kerið Parking</name>
        <styleUrl>#icon-1644-880E4F-nodesc</styleUrl>
        <Point>
          <coordinates>
            -20.8866553,64.0419333,0
          </coordinates>
        </Point>
      </Placemark>
      <Placemark>
        <name>Camping Selfoss</name>
        <styleUrl>#icon-1602-1A237E-nodesc</styleUrl>
        <Point>
          <coordinates>
            -20.9887948,63.933043,0
          </coordinates>
        </Point>
      </Placemark>
      <Placemark>
        <name>Bónus</name>
        <styleUrl>#icon-1684-757575-nodesc</styleUrl>
        <Point>
          <coordinates>
            -22.5435287,63.9726435,0
          </coordinates>
        </Point>
      </Placemark>
      <Placemark>
        <name>Skálholtsdómkirkja - Skálholt Cathedral</name>
        <styleUrl>#icon-1670-9C27B0-nodesc</styleUrl>
        <Point>
          <coordinates>
            -20.5246117,64.125268,0
          </coordinates>
        </Point>
      </Placemark>
    </Folder>
    <Folder>
      <name>day2</name>
      <Placemark>
        <name>Orkan</name>
        <styleUrl>#icon-1581-795548-nodesc</styleUrl>
        <Point>
          <coordinates>
            -20.3914834,63.8307094,0
          </coordinates>
        </Point>
      </Placemark>
      <Placemark>
        <name>Bónus</name>
        <styleUrl>#icon-1684-817717-nodesc</styleUrl>
        <Point>
          <coordinates>
            -20.9737758,63.9381675,0
          </coordinates>
        </Point>
      </Placemark>
      <Placemark>
        <name>Urriðafoss</name>
        <styleUrl>#icon-1892-01579B-nodesc</styleUrl>
        <Point>
          <coordinates>
            -20.6721926,63.9246142,0
          </coordinates>
        </Point>
      </Placemark>
      <Placemark>
        <name>Urriðafoss Parking</name>
        <styleUrl>#icon-1644-A52714-nodesc</styleUrl>
        <Point>
          <coordinates>
            -20.6752932,63.9247321,0
          </coordinates>
        </Point>
      </Placemark>
      <Placemark>
        <name>Seljalandsfoss</name>
        <styleUrl>#icon-1892-01579B-nodesc</styleUrl>
        <Point>
          <coordinates>
            -19.9885688,63.6156232,0
          </coordinates>
        </Point>
      </Placemark>
      <Placemark>
        <name>Seljalandsfoss Parking</name>
        <styleUrl>#icon-1644-A52714-nodesc</styleUrl>
        <Point>
          <coordinates>
            -19.9937851,63.6157167,0
          </coordinates>
        </Point>
      </Placemark>
      <Placemark>
        <name>Gljúfrabúi</name>
        <styleUrl>#icon-1892-01579B-nodesc</styleUrl>
        <Point>
          <coordinates>
            -19.9864486,63.6208631,0
          </coordinates>
        </Point>
      </Placemark>
      <Placemark>
        <name>Skógafoss</name>
        <styleUrl>#icon-1892-01579B-nodesc</styleUrl>
        <Point>
          <coordinates>
            -19.5113706,63.5320523,0
          </coordinates>
        </Point>
      </Placemark>
      <Placemark>
        <name>Parking lot</name>
        <styleUrl>#icon-1644-880E4F-nodesc</styleUrl>
        <Point>
          <coordinates>
            -19.5127663,63.5276601,0
          </coordinates>
        </Point>
      </Placemark>
      <Placemark>
        <name>Kvernufoss</name>
        <styleUrl>#icon-1892-01579B-nodesc</styleUrl>
        <Point>
          <coordinates>
            -19.4814473,63.5288469,0
          </coordinates>
        </Point>
      </Placemark>
      <Placemark>
        <name>Kvernufoss parking lot</name>
        <styleUrl>#icon-1644-880E4F-nodesc</styleUrl>
        <Point>
          <coordinates>
            -19.4900012,63.5251353,0
          </coordinates>
        </Point>
      </Placemark>
      <Placemark>
        <name>Sólheimajökulll</name>
        <styleUrl>#icon-1596-817717-nodesc</styleUrl>
        <Point>
          <coordinates>
            -19.2924387,63.570809,0
          </coordinates>
        </Point>
      </Placemark>
      <Placemark>
        <name>Sólheimajökull</name>
        <styleUrl>#icon-1596-817717-nodesc</styleUrl>
        <Point>
          <coordinates>
            -19.3583526,63.5346086,0
          </coordinates>
        </Point>
      </Placemark>
      <Placemark>
        <name>Sólheimajökull glacier parking lot</name>
        <styleUrl>#icon-1644-880E4F-nodesc</styleUrl>
        <Point>
          <coordinates>
            -19.370416,63.530431,0
          </coordinates>
        </Point>
      </Placemark>
      <Placemark>
        <name>Solheimasandur Plane Wreck (NO PARKING)</name>
        <styleUrl>#icon-1535-FFEA00-nodesc</styleUrl>
        <Point>
          <coordinates>
            -19.3647122,63.4590918,0
          </coordinates>
        </Point>
      </Placemark>
      <Placemark>
        <name>Parking for Sólheimasandur Plane Wreck</name>
        <styleUrl>#icon-1644-880E4F-nodesc</styleUrl>
        <Point>
          <coordinates>
            -19.3634265,63.4909158,0
          </coordinates>
        </Point>
      </Placemark>
      <Placemark>
        <name>Dyrhólaey Lighthouse</name>
        <styleUrl>#icon-1535-F9A825-nodesc</styleUrl>
        <Point>
          <coordinates>
            -19.1301886,63.4022252,0
          </coordinates>
        </Point>
      </Placemark>
      <Placemark>
        <name>Dyrhólaey parking upstairs</name>
        <styleUrl>#icon-1644-880E4F-nodesc</styleUrl>
        <Point>
          <coordinates>
            -19.1289205,63.4040755,0
          </coordinates>
        </Point>
      </Placemark>
      <Placemark>
        <name>Parking pour la plage</name>
        <styleUrl>#icon-1644-880E4F-nodesc</styleUrl>
        <Point>
          <coordinates>
            -19.0447323,63.4041838,0
          </coordinates>
        </Point>
      </Placemark>
      <Placemark>
        <name>Reynisfjara Beach</name>
        <styleUrl>#icon-1535-F57C00-nodesc</styleUrl>
        <Point>
          <coordinates>
            -19.0716192,63.4057404,0
          </coordinates>
        </Point>
      </Placemark>
      <Placemark>
        <name>Hálsanefshellir Cave</name>
        <styleUrl>#icon-1535-E65100-nodesc</styleUrl>
        <Point>
          <coordinates>
            -19.0415791,63.4030376,0
          </coordinates>
        </Point>
      </Placemark>
      <Placemark>
        <name>Reynisdrangar Cliffs</name>
        <styleUrl>#icon-1535-F57C00-nodesc</styleUrl>
        <Point>
          <coordinates>
            -19.0415298,63.4027778,0
          </coordinates>
        </Point>
      </Placemark>
      <Placemark>
        <name>Vik Camping</name>
        <styleUrl>#icon-1602-000000-nodesc</styleUrl>
        <Point>
          <coordinates>
            -18.995537,63.419288,0
          </coordinates>
        </Point>
      </Placemark>
      <Placemark>
        <name>Vík i Myrdal Church</name>
        <styleUrl>#icon-1670-9C27B0-nodesc</styleUrl>
        <Point>
          <coordinates>
            -19.0028796,63.4205017,0
          </coordinates>
        </Point>
      </Placemark>
      <Placemark>
        <name>Crepes.is</name>
        <styleUrl>#icon-1577-757575-nodesc</styleUrl>
        <Point>
          <coordinates>
            -19.010975,63.4209699,0
          </coordinates>
        </Point>
      </Placemark>
      <Placemark>
        <name>The Soup Company</name>
        <styleUrl>#icon-1577-757575-nodesc</styleUrl>
        <Point>
          <coordinates>
            -19.0099388,63.4185083,0
          </coordinates>
        </Point>
      </Placemark>
      <Placemark>
        <name>Smiðjan Brugghús</name>
        <styleUrl>#icon-1577-757575-nodesc</styleUrl>
        <Point>
          <coordinates>
            -19.0108966,63.4172706,0
          </coordinates>
        </Point>
      </Placemark>
      <Placemark>
        <name>Restaurant Suður-Vík</name>
        <styleUrl>#icon-1577-757575-nodesc</styleUrl>
        <Point>
          <coordinates>
            -19.0081732,63.4223368,0
          </coordinates>
        </Point>
      </Placemark>
      <Placemark>
        <name>Black Crust Pizzeria</name>
        <styleUrl>#icon-1577-757575-nodesc</styleUrl>
        <Point>
          <coordinates>
            -19.0027753,63.4176382,0
          </coordinates>
        </Point>
      </Placemark>
      <Placemark>
        <name><![CDATA[SKOOL BEANS. The original Skool bus cafe & micro roaster… & sometimes a cat! LOCATED IN VIK!]]></name>
        <styleUrl>#icon-1577-757575-nodesc</styleUrl>
        <Point>
          <coordinates>
            -18.9813256,63.4203031,0
          </coordinates>
        </Point>
      </Placemark>
      <Placemark>
        <name>Krónan Vík</name>
        <styleUrl>#icon-1684-757575-nodesc</styleUrl>
        <Point>
          <coordinates>
            -18.9990158,63.4174526,0
          </coordinates>
        </Point>
      </Placemark>
      <Placemark>
        <name>Vík Cemetery</name>
        <styleUrl>#icon-1535-FBC02D-nodesc</styleUrl>
        <Point>
          <coordinates>
            -19.0008044,63.4219266,0
          </coordinates>
        </Point>
      </Placemark>
      <Placemark>
        <name>Skógafoss viewpoint</name>
        <styleUrl>#icon-1596-000000-nodesc</styleUrl>
        <Point>
          <coordinates>
            -19.5102442,63.5322618,0
          </coordinates>
        </Point>
      </Placemark>
      <Placemark>
        <name>Fimmvorduhals Trailhead</name>
        <styleUrl>#icon-1596-C2185B-nodesc</styleUrl>
        <Point>
          <coordinates>
            -19.5092406,63.532552,0
          </coordinates>
        </Point>
      </Placemark>
      <Placemark>
        <name>Steinbogafoss</name>
        <styleUrl>#icon-1899-000000-nodesc</styleUrl>
        <Point>
          <coordinates>
            -19.502096,63.538016,0
          </coordinates>
        </Point>
      </Placemark>
    </Folder>
    <Folder>
      <name>day3</name>
      <Placemark>
        <name>Gígjagjá</name>
        <styleUrl>#icon-1535-F57C00-nodesc</styleUrl>
        <Point>
          <coordinates>
            -18.7645585,63.4169784,0
          </coordinates>
        </Point>
      </Placemark>
      <Placemark>
        <name>Fjaðrárgljúfur</name>
        <styleUrl>#icon-1596-880E4F-nodesc</styleUrl>
        <Point>
          <coordinates>
            -18.1718159,63.771279,0
          </coordinates>
        </Point>
      </Placemark>
      <Placemark>
        <name>Fjaðrárgljúfur parking</name>
        <styleUrl>#icon-1644-880E4F-nodesc</styleUrl>
        <Point>
          <coordinates>
            -18.171672,63.7702851,0
          </coordinates>
        </Point>
      </Placemark>
      <Placemark>
        <name>Kirkjubæjarklaustur</name>
        <styleUrl>#icon-1577-757575-nodesc</styleUrl>
        <Point>
          <coordinates>
            -18.053116,63.7890243,0
          </coordinates>
        </Point>
      </Placemark>
      <Placemark>
        <name>Svartifoss</name>
        <styleUrl>#icon-1892-01579B-nodesc</styleUrl>
        <Point>
          <coordinates>
            -16.9753082,64.0275282,0
          </coordinates>
        </Point>
      </Placemark>
      <Placemark>
        <name>Svínafellsjökull Glacier</name>
        <styleUrl>#icon-1535-FF5252-nodesc</styleUrl>
        <Point>
          <coordinates>
            -16.8811858,64.0016011,0
          </coordinates>
        </Point>
      </Placemark>
      <Placemark>
        <name>Svínafellsjökull Parking</name>
        <styleUrl>#icon-1644-880E4F-nodesc</styleUrl>
        <Point>
          <coordinates>
            -16.89349,63.9982578,0
          </coordinates>
        </Point>
      </Placemark>
      <Placemark>
        <name>Skaftafell Parking</name>
        <styleUrl>#icon-1644-880E4F-nodesc</styleUrl>
        <Point>
          <coordinates>
            -16.9679636,64.0145915,0
          </coordinates>
        </Point>
      </Placemark>
      <Placemark>
        <name>Arctic Adventures (Skaftafell Base Camp)</name>
        <description>glacier hike from GYG</description>
        <styleUrl>#icon-1596-C2185B</styleUrl>
        <Point>
          <coordinates>
            -16.9681858,64.0161002,0
          </coordinates>
        </Point>
      </Placemark>
      <Placemark>
        <name>Mulagljufur Canyon</name>
        <styleUrl>#icon-1596-A52714-nodesc</styleUrl>
        <Point>
          <coordinates>
            -16.4638888,63.9890581,0
          </coordinates>
        </Point>
      </Placemark>
      <Placemark>
        <name><![CDATA[Múlagljúfur Canyon & Waterfalls]]></name>
        <styleUrl>#icon-1644-880E4F-nodesc</styleUrl>
        <Point>
          <coordinates>
            -16.4359459,63.9930447,0
          </coordinates>
        </Point>
      </Placemark>
      <Placemark>
        <name>Fjallsárlón</name>
        <styleUrl>#icon-1535-F57C00-nodesc</styleUrl>
        <Point>
          <coordinates>
            -16.385,64.018611,0
          </coordinates>
        </Point>
      </Placemark>
      <Placemark>
        <name>Fjallsárlón Glacier Parking</name>
        <styleUrl>#icon-1644-880E4F-nodesc</styleUrl>
        <Point>
          <coordinates>
            -16.365923,64.016418,0
          </coordinates>
        </Point>
      </Placemark>
      <Placemark>
        <name>Diamond Beach lookout</name>
        <styleUrl>#icon-1521-0288D1-nodesc</styleUrl>
        <Point>
          <coordinates>
            -16.182397,64.0436471,0
          </coordinates>
        </Point>
      </Placemark>
      <Placemark>
        <name>Diamond Beach Parking</name>
        <styleUrl>#icon-1644-880E4F-nodesc</styleUrl>
        <Point>
          <coordinates>
            -16.1828417,64.0427984,0
          </coordinates>
        </Point>
      </Placemark>
      <Placemark>
        <name>Jökulsárlón</name>
        <styleUrl>#icon-1899-4E342E-nodesc</styleUrl>
        <Point>
          <coordinates>
            -16.2305536,64.0784458,0
          </coordinates>
        </Point>
      </Placemark>
      <Placemark>
        <name>Jökulsárlón Glacier Lagoon Boat Tours and Cafe</name>
        <styleUrl>#icon-1535-F57C00-nodesc</styleUrl>
        <Point>
          <coordinates>
            -16.1792735,64.0485493,0
          </coordinates>
        </Point>
      </Placemark>
      <Placemark>
        <name>Jökulsárlón Glacier Lagoon Parking</name>
        <styleUrl>#icon-1644-A52714-nodesc</styleUrl>
        <Point>
          <coordinates>
            -16.1797456,64.0480498,0
          </coordinates>
        </Point>
      </Placemark>
      <Placemark>
        <name>Viewpoint over Jökulsárlón</name>
        <styleUrl>#icon-1535-FF5252-nodesc</styleUrl>
        <Point>
          <coordinates>
            -16.1805965,64.0493624,0
          </coordinates>
        </Point>
      </Placemark>
      <Placemark>
        <name>Diamond Beach</name>
        <styleUrl>#icon-1521-0288D1-nodesc</styleUrl>
        <Point>
          <coordinates>
            -16.1776622,64.044334,0
          </coordinates>
        </Point>
      </Placemark>
      <Placemark>
        <name>Point 21</name>
        <description>walk from here, under the bridge to diamond beach point 1</description>
        <styleUrl>#icon-1596-880E4F</styleUrl>
        <Point>
          <coordinates>
            -16.180145,64.0468977,0
          </coordinates>
        </Point>
      </Placemark>
      <Placemark>
        <name>Vestrahorn Camping</name>
        <styleUrl>#icon-1602-880E4F-nodesc</styleUrl>
        <Point>
          <coordinates>
            -14.9939035,64.2552828,0
          </coordinates>
        </Point>
      </Placemark>
      <Placemark>
        <name><![CDATA[Viking Cafe & Guesthouse]]></name>
        <description>pay here</description>
        <styleUrl>#icon-1577-0288D1</styleUrl>
        <Point>
          <coordinates>
            -14.9933182,64.2549439,0
          </coordinates>
        </Point>
      </Placemark>
    </Folder>
    <Folder>
      <name>day4</name>
      <Placemark>
        <name>Stokksnes</name>
        <styleUrl>#icon-1521-0097A7-nodesc</styleUrl>
        <Point>
          <coordinates>
            -14.9698591,64.2464082,0
          </coordinates>
        </Point>
      </Placemark>
      <Placemark>
        <name>Stokksnes Parking</name>
        <styleUrl>#icon-1644-880E4F-nodesc</styleUrl>
        <Point>
          <coordinates>
            -14.9715362,64.243912,0
          </coordinates>
        </Point>
      </Placemark>
      <Placemark>
        <name>reflection point</name>
        <styleUrl>#icon-1535-F57C00-nodesc</styleUrl>
        <Point>
          <coordinates>
            -14.9845555555556,64.25,0
          </coordinates>
        </Point>
      </Placemark>
      <Placemark>
        <name>Viking Village (Film Set)</name>
        <styleUrl>#icon-1535-F57C00-nodesc</styleUrl>
        <Point>
          <coordinates>
            -14.9851993,64.2605173,0
          </coordinates>
        </Point>
      </Placemark>
      <Placemark>
        <name>Skútafoss</name>
        <styleUrl>#icon-1892-006064-nodesc</styleUrl>
        <Point>
          <coordinates>
            -14.9476713,64.3420963,0
          </coordinates>
        </Point>
      </Placemark>
      <Placemark>
        <name>Red chair</name>
        <styleUrl>#icon-1899-000000-nodesc</styleUrl>
        <Point>
          <coordinates>
            -14.9282388,64.341523,0
          </coordinates>
        </Point>
      </Placemark>
      <Placemark>
        <name>Hvalnes Lighthouse</name>
        <styleUrl>#icon-1535-F57C00-nodesc</styleUrl>
        <Point>
          <coordinates>
            -14.5402262,64.4023495,0
          </coordinates>
        </Point>
      </Placemark>
      <Placemark>
        <name>Hvalnes Nature Reserve Beach</name>
        <styleUrl>#icon-1521-0097A7-nodesc</styleUrl>
        <Point>
          <coordinates>
            -14.5524306,64.4056662,0
          </coordinates>
        </Point>
      </Placemark>
      <Placemark>
        <name>Lækjavik</name>
        <styleUrl>#icon-1577-757575-nodesc</styleUrl>
        <Point>
          <coordinates>
            -14.4936011,64.4764126,0
          </coordinates>
        </Point>
      </Placemark>
      <Placemark>
        <name>Eggin í Gleðivík</name>
        <styleUrl>#icon-1502-FF5252-nodesc</styleUrl>
        <Point>
          <coordinates>
            -14.2947696,64.661782,0
          </coordinates>
        </Point>
      </Placemark>
      <Placemark>
        <name>Folaldafoss</name>
        <styleUrl>#icon-1892-01579B-nodesc</styleUrl>
        <Point>
          <coordinates>
            -14.5594447,64.8036741,0
          </coordinates>
        </Point>
      </Placemark>
      <Placemark>
        <name>Folaldafoss Parking and Rest area</name>
        <styleUrl>#icon-1644-A52714-nodesc</styleUrl>
        <Point>
          <coordinates>
            -14.5581193,64.805534,0
          </coordinates>
        </Point>
      </Placemark>
      <Placemark>
        <name>Hengifoss</name>
        <styleUrl>#icon-1892-01579B-nodesc</styleUrl>
        <Point>
          <coordinates>
            -14.8892125,65.095138,0
          </coordinates>
        </Point>
      </Placemark>
      <Placemark>
        <name>Hengifoss carpark</name>
        <styleUrl>#icon-1644-880E4F-nodesc</styleUrl>
        <Point>
          <coordinates>
            -14.8804862,65.0733804,0
          </coordinates>
        </Point>
      </Placemark>
      <Placemark>
        <name>Camp Egilsstadir and Egilsstadastofa Visitor Center</name>
        <styleUrl>#icon-1602-880E4F-nodesc</styleUrl>
        <Point>
          <coordinates>
            -14.4068893,65.2583124,0
          </coordinates>
        </Point>
      </Placemark>
      <Placemark>
        <name>Vök Baths</name>
        <styleUrl>#icon-1811-E65100-nodesc</styleUrl>
        <Point>
          <coordinates>
            -14.4469872,65.3030639,0
          </coordinates>
        </Point>
      </Placemark>
      <Placemark>
        <name>Hafnarhólmi</name>
        <styleUrl>#icon-1874-1A237E-nodesc</styleUrl>
        <Point>
          <coordinates>
            -13.7563189,65.5423754,0
          </coordinates>
        </Point>
      </Placemark>
      <Placemark>
        <name>Parking Hafnarhólmi</name>
        <styleUrl>#icon-1644-880E4F-nodesc</styleUrl>
        <Point>
          <coordinates>
            -13.7536396,65.5399654,0
          </coordinates>
        </Point>
      </Placemark>
      <Placemark>
        <name>Seydisfjordur</name>
        <styleUrl>#icon-1577-F9A825-nodesc</styleUrl>
        <Point>
          <coordinates>
            -14.0095466,65.2602307,0
          </coordinates>
        </Point>
      </Placemark>
      <Placemark>
        <name>Gufu waterfall</name>
        <styleUrl>#icon-1892-01579B-nodesc</styleUrl>
        <Point>
          <coordinates>
            -14.0575765,65.2398959,0
          </coordinates>
        </Point>
      </Placemark>
      <Placemark>
        <name>Gufufoss Parking Pulloff</name>
        <styleUrl>#icon-1644-A52714-nodesc</styleUrl>
        <Point>
          <coordinates>
            -14.0528387,65.2407772,0
          </coordinates>
        </Point>
      </Placemark>
      <Placemark>
        <name>Fardagafoss</name>
        <styleUrl>#icon-1892-01579B-nodesc</styleUrl>
        <Point>
          <coordinates>
            -14.3151806,65.2686078,0
          </coordinates>
        </Point>
      </Placemark>
      <Placemark>
        <name>Fardagafoss bílastæði</name>
        <styleUrl>#icon-1644-880E4F-nodesc</styleUrl>
        <Point>
          <coordinates>
            -14.3326102,65.2676186,0
          </coordinates>
        </Point>
      </Placemark>
      <Placemark>
        <name>Klifbrekku Waterfalls</name>
        <styleUrl>#icon-1892-01579B-nodesc</styleUrl>
        <Point>
          <coordinates>
            -14.0812959,65.179462,0
          </coordinates>
        </Point>
      </Placemark>
      <Placemark>
        <name>Bónus</name>
        <styleUrl>#icon-1684-E65100-nodesc</styleUrl>
        <Point>
          <coordinates>
            -14.4050198,65.2634206,0
          </coordinates>
        </Point>
      </Placemark>
      <Placemark>
        <name>Orkan</name>
        <styleUrl>#icon-1581-558B2F-nodesc</styleUrl>
        <Point>
          <coordinates>
            -14.398272,65.2607222,0
          </coordinates>
        </Point>
      </Placemark>
    </Folder>
    <Folder>
      <name>day5</name>
      <Placemark>
        <name>Stuðlagil Canyon</name>
        <styleUrl>#icon-1535-F57C00-nodesc</styleUrl>
        <Point>
          <coordinates>
            -15.3069273,65.1632703,0
          </coordinates>
        </Point>
      </Placemark>
      <Placemark>
        <name>Stuðlagil -East Side Parking</name>
        <styleUrl>#icon-1644-880E4F-nodesc</styleUrl>
        <Point>
          <coordinates>
            -15.2690293,65.1753672,0
          </coordinates>
        </Point>
      </Placemark>
      <Placemark>
        <name>Dettifoss</name>
        <styleUrl>#icon-1892-01579B-nodesc</styleUrl>
        <Point>
          <coordinates>
            -16.384576,65.8146662,0
          </coordinates>
        </Point>
      </Placemark>
      <Placemark>
        <name>Dettifoss Parking (East)</name>
        <styleUrl>#icon-1644-880E4F-nodesc</styleUrl>
        <Point>
          <coordinates>
            -16.3793216,65.8190243,0
          </coordinates>
        </Point>
      </Placemark>
      <Placemark>
        <name>Dettifoss (East Side)</name>
        <styleUrl>#icon-1892-01579B-nodesc</styleUrl>
        <Point>
          <coordinates>
            -16.3838014,65.8151898,0
          </coordinates>
        </Point>
      </Placemark>
      <Placemark>
        <name>Dettifoss (West Side)</name>
        <styleUrl>#icon-1892-01579B-nodesc</styleUrl>
        <Point>
          <coordinates>
            -16.3873164,65.8160507,0
          </coordinates>
        </Point>
      </Placemark>
      <Placemark>
        <name>Dettifoss West Parking</name>
        <styleUrl>#icon-1644-880E4F-nodesc</styleUrl>
        <Point>
          <coordinates>
            -16.4002362,65.811504,0
          </coordinates>
        </Point>
      </Placemark>
      <Placemark>
        <name>Krafla</name>
        <styleUrl>#icon-1535-F57C00-nodesc</styleUrl>
        <Point>
          <coordinates>
            -16.6987139,65.9133135,0
          </coordinates>
        </Point>
      </Placemark>
      <Placemark>
        <name>krafla  parking</name>
        <styleUrl>#icon-1644-880E4F-nodesc</styleUrl>
        <Point>
          <coordinates>
            -16.7578333,65.7175833,0
          </coordinates>
        </Point>
      </Placemark>
      <Placemark>
        <name>Hverir</name>
        <styleUrl>#icon-1535-F57C00-nodesc</styleUrl>
        <Point>
          <coordinates>
            -16.8093111,65.6409144,0
          </coordinates>
        </Point>
      </Placemark>
      <Placemark>
        <name>Hverir Parking</name>
        <styleUrl>#icon-1644-880E4F-nodesc</styleUrl>
        <Point>
          <coordinates>
            -16.8031309,65.6425295,0
          </coordinates>
        </Point>
      </Placemark>
      <Placemark>
        <name>Grjótagjá cave</name>
        <styleUrl>#icon-1535-F57C00-nodesc</styleUrl>
        <Point>
          <coordinates>
            -16.8830077,65.6263565,0
          </coordinates>
        </Point>
      </Placemark>
      <Placemark>
        <name>Parking for Grojotagja cave</name>
        <styleUrl>#icon-1644-880E4F-nodesc</styleUrl>
        <Point>
          <coordinates>
            -16.8822702,65.6261563,0
          </coordinates>
        </Point>
      </Placemark>
      <Placemark>
        <name>Fish and Chips Lake Mývatn</name>
        <styleUrl>#icon-1577-A52714-nodesc</styleUrl>
        <Point>
          <coordinates>
            -16.9110488,65.6413593,0
          </coordinates>
        </Point>
      </Placemark>
      <Placemark>
        <name>Lava field Dimmuborgir</name>
        <styleUrl>#icon-1596-7CB342-nodesc</styleUrl>
        <Point>
          <coordinates>
            -16.91228,65.5912203,0
          </coordinates>
        </Point>
      </Placemark>
      <Placemark>
        <name>Dimmuborgir Parking</name>
        <styleUrl>#icon-1644-880E4F-nodesc</styleUrl>
        <Point>
          <coordinates>
            -16.912598,65.591602,0
          </coordinates>
        </Point>
      </Placemark>
      <Placemark>
        <name>Geosea - Geothermal Sea Baths</name>
        <styleUrl>#icon-1811-FBC02D-nodesc</styleUrl>
        <Point>
          <coordinates>
            -17.3605221,66.0521926,0
          </coordinates>
        </Point>
      </Placemark>
      <Placemark>
        <name>Husavik Campground</name>
        <styleUrl>#icon-1602-C2185B-nodesc</styleUrl>
        <Point>
          <coordinates>
            -17.3439222,66.0517567,0
          </coordinates>
        </Point>
      </Placemark>
      <Placemark>
        <name>Camping 66.12 NORTH</name>
        <styleUrl>#icon-1602-C2185B-nodesc</styleUrl>
        <Point>
          <coordinates>
            -17.1054277,66.2012984,0
          </coordinates>
        </Point>
      </Placemark>
    </Folder>
    <Folder>
      <name>day6</name>
      <Placemark>
        <name>Húsavík Viewing Point</name>
        <styleUrl>#icon-1899-000000-nodesc</styleUrl>
        <Point>
          <coordinates>
            -17.3460432,66.0371843,0
          </coordinates>
        </Point>
      </Placemark>
      <Placemark>
        <name>Goðafoss Waterfall</name>
        <styleUrl>#icon-1892-01579B-nodesc</styleUrl>
        <Point>
          <coordinates>
            -17.5501919,65.6827782,0
          </coordinates>
        </Point>
      </Placemark>
      <Placemark>
        <name>Goðafoss East Bank Parking</name>
        <styleUrl>#icon-1644-880E4F-nodesc</styleUrl>
        <Point>
          <coordinates>
            -17.5404819,65.6839717,0
          </coordinates>
        </Point>
      </Placemark>
      <Placemark>
        <name>Point 4</name>
        <styleUrl>#icon-1899-000000-nodesc</styleUrl>
        <Point>
          <coordinates>
            -17.9112551,65.7461165,0
          </coordinates>
        </Point>
      </Placemark>
      <Placemark>
        <name>Akureyri View Point</name>
        <styleUrl>#icon-1535-FBC02D-nodesc</styleUrl>
        <Point>
          <coordinates>
            -18.051768,65.6880761,0
          </coordinates>
        </Point>
      </Placemark>
      <Placemark>
        <name>Bónus</name>
        <styleUrl>#icon-1684-757575-nodesc</styleUrl>
        <Point>
          <coordinates>
            -18.1102752,65.6693801,0
          </coordinates>
        </Point>
      </Placemark>
      <Placemark>
        <name>Orkan</name>
        <styleUrl>#icon-1581-817717-nodesc</styleUrl>
        <Point>
          <coordinates>
            -18.1083129,65.6796484,0
          </coordinates>
        </Point>
      </Placemark>
      <Placemark>
        <name>Ólafsfjörður</name>
        <styleUrl>#icon-1521-0097A7-nodesc</styleUrl>
        <Point>
          <coordinates>
            -18.6539158,66.0709328,0
          </coordinates>
        </Point>
      </Placemark>
      <Placemark>
        <name>Siglufjörður</name>
        <styleUrl>#icon-1899-000000-nodesc</styleUrl>
        <Point>
          <coordinates>
            -18.9102872,66.1501633,0
          </coordinates>
        </Point>
      </Placemark>
      <Placemark>
        <name>Sjónarhorn</name>
        <styleUrl>#icon-1535-F57C00-nodesc</styleUrl>
        <Point>
          <coordinates>
            -18.9115128,66.1567016,0
          </coordinates>
        </Point>
      </Placemark>
      <Placemark>
        <name>Hofsós Sundlaug</name>
        <styleUrl>#icon-1892-C2185B-nodesc</styleUrl>
        <Point>
          <coordinates>
            -19.4108452,65.8957806,0
          </coordinates>
        </Point>
      </Placemark>
      <Placemark>
        <name>Staðarbjörg Basalt Columns</name>
        <styleUrl>#icon-1535-FF5252-nodesc</styleUrl>
        <Point>
          <coordinates>
            -19.410802,65.8951223,0
          </coordinates>
        </Point>
      </Placemark>
      <Placemark>
        <name>Hvitserkur</name>
        <styleUrl>#icon-1535-FF5252-nodesc</styleUrl>
        <Point>
          <coordinates>
            -20.6351824,65.6064159,0
          </coordinates>
        </Point>
      </Placemark>
      <Placemark>
        <name>Hvítserkur parking lot</name>
        <styleUrl>#icon-1644-880E4F-nodesc</styleUrl>
        <Point>
          <coordinates>
            -20.639937,65.6036398,0
          </coordinates>
        </Point>
      </Placemark>
      <Placemark>
        <name>Kolugljúfur Canyon</name>
        <styleUrl>#icon-1535-FF5252-nodesc</styleUrl>
        <Point>
          <coordinates>
            -20.5712959,65.3333817,0
          </coordinates>
        </Point>
      </Placemark>
      <Placemark>
        <name>Kolugljufur Car Park</name>
        <styleUrl>#icon-1644-880E4F-nodesc</styleUrl>
        <Point>
          <coordinates>
            -20.5695045,65.3326566,0
          </coordinates>
        </Point>
      </Placemark>
      <Placemark>
        <name>Hvammstangi Campground</name>
        <styleUrl>#icon-1602-A52714-nodesc</styleUrl>
        <Point>
          <coordinates>
            -20.9294996,65.402297,0
          </coordinates>
        </Point>
      </Placemark>
      <Placemark>
        <name>Point 18</name>
        <styleUrl>#icon-1899-0288D1-nodesc</styleUrl>
        <Point>
          <coordinates>
            -17.9104312,65.7482611,0
          </coordinates>
        </Point>
      </Placemark>
    </Folder>
    <Folder>
      <name>day7</name>
      <Placemark>
        <name>Orkan</name>
        <styleUrl>#icon-1581-FBC02D-nodesc</styleUrl>
        <Point>
          <coordinates>
            -20.9373939,65.3919658,0
          </coordinates>
        </Point>
      </Placemark>
      <Placemark>
        <name>Hellulaug</name>
        <styleUrl>#icon-1811-AFB42B-nodesc</styleUrl>
        <Point>
          <coordinates>
            -23.1596585,65.5771933,0
          </coordinates>
        </Point>
      </Placemark>
      <Placemark>
        <name>Dynjandi</name>
        <styleUrl>#icon-1892-0288D1-nodesc</styleUrl>
        <Point>
          <coordinates>
            -23.1985749,65.732597,0
          </coordinates>
        </Point>
      </Placemark>
      <Placemark>
        <name>Dynjandi Car Park</name>
        <styleUrl>#icon-1644-880E4F-nodesc</styleUrl>
        <Point>
          <coordinates>
            -23.2090182,65.7364824,0
          </coordinates>
        </Point>
      </Placemark>
      <Placemark>
        <name>Látrabjarg</name>
        <styleUrl>#icon-1535-FF5252-nodesc</styleUrl>
        <Point>
          <coordinates>
            -24.5316982,65.5025723,0
          </coordinates>
        </Point>
      </Placemark>
      <Placemark>
        <name>Flókalundur Campsite</name>
        <styleUrl>#icon-1602-E65100-nodesc</styleUrl>
        <Point>
          <coordinates>
            -23.1726551,65.5773817,0
          </coordinates>
        </Point>
      </Placemark>
    </Folder>
    <Folder>
      <name>day8</name>
      <Placemark>
        <name>Ytri Tunga</name>
        <styleUrl>#icon-1521-1A237E-nodesc</styleUrl>
        <Point>
          <coordinates>
            -23.0803176,64.8027417,0
          </coordinates>
        </Point>
      </Placemark>
      <Placemark>
        <name>Ytri Tunga Beach Parking</name>
        <styleUrl>#icon-1644-880E4F-nodesc</styleUrl>
        <Point>
          <coordinates>
            -23.0813366,64.803794,0
          </coordinates>
        </Point>
      </Placemark>
      <Placemark>
        <name>Búðakirkja</name>
        <styleUrl>#icon-1670-880E4F-nodesc</styleUrl>
        <Point>
          <coordinates>
            -23.3840266,64.8216875,0
          </coordinates>
        </Point>
      </Placemark>
      <Placemark>
        <name>Orkan</name>
        <styleUrl>#icon-1581-FFD600-nodesc</styleUrl>
        <Point>
          <coordinates>
            -23.2466577,64.9215354,0
          </coordinates>
        </Point>
      </Placemark>
      <Placemark>
        <name>Arnarstapi</name>
        <styleUrl>#icon-1535-F57C00-nodesc</styleUrl>
        <Point>
          <coordinates>
            -23.6224317,64.7695169,0
          </coordinates>
        </Point>
      </Placemark>
      <Placemark>
        <name>Arnarstapi Cliff Parking</name>
        <styleUrl>#icon-1644-880E4F-nodesc</styleUrl>
        <Point>
          <coordinates>
            -23.627711,64.7664693,0
          </coordinates>
        </Point>
      </Placemark>
      <Placemark>
        <name>Hellnar</name>
        <styleUrl>#icon-1535-F57C00-nodesc</styleUrl>
        <Point>
          <coordinates>
            -23.646546,64.7507498,0
          </coordinates>
        </Point>
      </Placemark>
      <Placemark>
        <name>parking</name>
        <styleUrl>#icon-1644-880E4F-nodesc</styleUrl>
        <Point>
          <coordinates>
            -23.646387,64.7505319,0
          </coordinates>
        </Point>
      </Placemark>
      <Placemark>
        <name>Lóndrangar</name>
        <styleUrl>#icon-1899-FF5252-nodesc</styleUrl>
        <Point>
          <coordinates>
            -23.7846095,64.732527,0
          </coordinates>
        </Point>
      </Placemark>
      <Placemark>
        <name>Lóndrangar View Point</name>
        <styleUrl>#icon-1535-F57C00-nodesc</styleUrl>
        <Point>
          <coordinates>
            -23.775135,64.7353973,0
          </coordinates>
        </Point>
      </Placemark>
      <Placemark>
        <name>Lóndrangar Parking</name>
        <styleUrl>#icon-1644-880E4F-nodesc</styleUrl>
        <Point>
          <coordinates>
            -23.775784,64.737535,0
          </coordinates>
        </Point>
      </Placemark>
      <Placemark>
        <name>Djúpalónssandur Parking zwarte strand</name>
        <styleUrl>#icon-1644-880E4F-nodesc</styleUrl>
        <Point>
          <coordinates>
            -23.8950956,64.7535183,0
          </coordinates>
        </Point>
      </Placemark>
      <Placemark>
        <name>Djúpalónssandur beach</name>
        <styleUrl>#icon-1521-01579B-nodesc</styleUrl>
        <Point>
          <coordinates>
            -23.9005197,64.7522892,0
          </coordinates>
        </Point>
      </Placemark>
      <Placemark>
        <name>Ingjaldshóll Church</name>
        <styleUrl>#icon-1670-A52714-nodesc</styleUrl>
        <Point>
          <coordinates>
            -23.8524747,64.9078682,0
          </coordinates>
        </Point>
      </Placemark>
      <Placemark>
        <name>photo spot</name>
        <styleUrl>#icon-1535-FF5252-nodesc</styleUrl>
        <Point>
          <coordinates>
            -23.8551111111111,64.9097222222222,0
          </coordinates>
        </Point>
      </Placemark>
      <Placemark>
        <name>Murals of Hellissandur</name>
        <styleUrl>#icon-1535-FF5252-nodesc</styleUrl>
        <Point>
          <coordinates>
            -23.8850297,64.9185861,0
          </coordinates>
        </Point>
      </Placemark>
      <Placemark>
        <name>parking for murals</name>
        <styleUrl>#icon-1644-000000-nodesc</styleUrl>
        <Point>
          <coordinates>
            -23.88325,64.9181111111111,0
          </coordinates>
        </Point>
      </Placemark>
      <Placemark>
        <name>Saxhóll Crater</name>
        <styleUrl>#icon-1535-F57C00-nodesc</styleUrl>
        <Point>
          <coordinates>
            -23.924576,64.850947,0
          </coordinates>
        </Point>
      </Placemark>
      <Placemark>
        <name>parking for crater</name>
        <styleUrl>#icon-1644-000000-nodesc</styleUrl>
        <Point>
          <coordinates>
            -23.9244444444444,64.8510833333333,0
          </coordinates>
        </Point>
      </Placemark>
      <Placemark>
        <name>Kirkjufellsfoss</name>
        <styleUrl>#icon-1535-E65100-nodesc</styleUrl>
        <Point>
          <coordinates>
            -23.3113649,64.9262179,0
          </coordinates>
        </Point>
      </Placemark>
      <Placemark>
        <name>Kirkjufellsfoss Parking Lot</name>
        <styleUrl>#icon-1644-880E4F-nodesc</styleUrl>
        <Point>
          <coordinates>
            -23.3132997,64.9277449,0
          </coordinates>
        </Point>
      </Placemark>
      <Placemark>
        <name>view point</name>
        <styleUrl>#icon-1535-F57C00-nodesc</styleUrl>
        <Point>
          <coordinates>
            -23.2850469,64.9220625,0
          </coordinates>
        </Point>
      </Placemark>
      <Placemark>
        <name>Campground Grundarfjörður</name>
        <styleUrl>#icon-1602-880E4F-nodesc</styleUrl>
        <Point>
          <coordinates>
            -23.2581586,64.920589,0
          </coordinates>
        </Point>
      </Placemark>
      <Placemark>
        <name>Campsite Ólafsvík</name>
        <styleUrl>#icon-1602-880E4F-nodesc</styleUrl>
        <Point>
          <coordinates>
            -23.6878045,64.8892725,0
          </coordinates>
        </Point>
      </Placemark>
      <Placemark>
        <name>Láki Tours (Whale Tour)</name>
        <styleUrl>#icon-1894-0F9D58-nodesc</styleUrl>
        <Point>
          <coordinates>
            -23.704462,64.8983856,0
          </coordinates>
        </Point>
      </Placemark>
      <Placemark>
        <name>Gatklettur</name>
        <styleUrl>#icon-1535-F57C00-nodesc</styleUrl>
        <Point>
          <coordinates>
            -23.6221467,64.7654306,0
          </coordinates>
        </Point>
      </Placemark>
    </Folder>
    <Folder>
      <name>day9</name>
      <Placemark>
        <name>Grundarfoss</name>
        <styleUrl>#icon-1892-01579B-nodesc</styleUrl>
        <Point>
          <coordinates>
            -23.220731,64.9104417,0
          </coordinates>
        </Point>
      </Placemark>
      <Placemark>
        <name>Kolgrafarfjördur Viewpoint</name>
        <styleUrl>#icon-1535-F57C00-nodesc</styleUrl>
        <Point>
          <coordinates>
            -23.1589793,64.9516458,0
          </coordinates>
        </Point>
      </Placemark>
      <Placemark>
        <name>Kolgrafarfjörður</name>
        <styleUrl>#icon-1535-880E4F-nodesc</styleUrl>
        <Point>
          <coordinates>
            -23.1244028,64.9659645,0
          </coordinates>
        </Point>
      </Placemark>
      <Placemark>
        <name>Orkan</name>
        <styleUrl>#icon-1581-795548-nodesc</styleUrl>
        <Point>
          <coordinates>
            -21.9088297,64.5435053,0
          </coordinates>
        </Point>
      </Placemark>
      <Placemark>
        <name>Glymur Waterfall</name>
        <styleUrl>#icon-1892-01579B-nodesc</styleUrl>
        <Point>
          <coordinates>
            -21.2517371,64.391116,0
          </coordinates>
        </Point>
      </Placemark>
      <Placemark>
        <name>Botnsá and Glymur Parking</name>
        <styleUrl>#icon-1644-880E4F-nodesc</styleUrl>
        <Point>
          <coordinates>
            -21.2933308,64.3851979,0
          </coordinates>
        </Point>
      </Placemark>
      <Placemark>
        <name>Hvammsvik Hot Springs</name>
        <styleUrl>#icon-1811-01579B-nodesc</styleUrl>
        <Point>
          <coordinates>
            -21.5644376,64.3735887,0
          </coordinates>
        </Point>
      </Placemark>
      <Placemark>
        <name>Reykjavík Eco Campsite</name>
        <styleUrl>#icon-1602-E65100-nodesc</styleUrl>
        <Point>
          <coordinates>
            -21.876019,64.146154,0
          </coordinates>
        </Point>
      </Placemark>
    </Folder>
    <Folder>
      <name>Untitled layer</name>
      <Placemark>
        <name>Bónus</name>
        <styleUrl>#icon-1684-424242-nodesc</styleUrl>
        <Point>
          <coordinates>
            -21.9226313,64.1446229,0
          </coordinates>
        </Point>
      </Placemark>
      <Placemark>
        <name>DEIG workshop</name>
        <styleUrl>#icon-1577-000000-nodesc</styleUrl>
        <Point>
          <coordinates>
            -21.9431175,64.1499329,0
          </coordinates>
        </Point>
      </Placemark>
      <Placemark>
        <name>Skólavörðustígur Rainbow Street</name>
        <styleUrl>#icon-1535-424242-nodesc</styleUrl>
        <Point>
          <coordinates>
            -21.9325495,64.1460221,0
          </coordinates>
        </Point>
      </Placemark>
      <Placemark>
        <name>Hallgrimskirkja</name>
        <styleUrl>#icon-1670-757575-nodesc</styleUrl>
        <Point>
          <coordinates>
            -21.9265494,64.1420229,0
          </coordinates>
        </Point>
      </Placemark>
      <Placemark>
        <name>Sun Voyager</name>
        <styleUrl>#icon-1535-F57C00-nodesc</styleUrl>
        <Point>
          <coordinates>
            -21.9222847,64.1476306,0
          </coordinates>
        </Point>
      </Placemark>
      <Placemark>
        <name>Landmannalaugar</name>
        <styleUrl>#icon-1596-E65100-nodesc</styleUrl>
        <Point>
          <coordinates>
            -19.067,63.983,0
          </coordinates>
        </Point>
      </Placemark>
      <Placemark>
        <name>Street art Laugavegur</name>
        <styleUrl>#icon-1535-A52714-nodesc</styleUrl>
        <Point>
          <coordinates>
            -21.921436,64.1441254,0
          </coordinates>
        </Point>
      </Placemark>
      <Placemark>
        <name>Tjörnin</name>
        <styleUrl>#icon-1535-FF5252-nodesc</styleUrl>
        <Point>
          <coordinates>
            -21.9420184,64.14362,0
          </coordinates>
        </Point>
      </Placemark>
      <Placemark>
        <name>Harpa Concert Hall and Conference Centre</name>
        <styleUrl>#icon-1899-757575-nodesc</styleUrl>
        <Point>
          <coordinates>
            -21.9322805,64.1502464,0
          </coordinates>
        </Point>
      </Placemark>
      <Placemark>
        <name>Fagradalsfjall</name>
        <styleUrl>#icon-1596-817717-nodesc</styleUrl>
        <Point>
          <coordinates>
            -22.2697222,63.8933333,0
          </coordinates>
        </Point>
      </Placemark>
      <Placemark>
        <name>Kerlingarfjöll</name>
        <styleUrl>#icon-1596-817717-nodesc</styleUrl>
        <Point>
          <coordinates>
            -19.2694395,64.6365932,0
          </coordinates>
        </Point>
      </Placemark>
      <Placemark>
        <name>Sigöldugljúfur</name>
        <styleUrl>#icon-1535-F57C00-nodesc</styleUrl>
        <Point>
          <coordinates>
            -19.1408652,64.1627033,0
          </coordinates>
        </Point>
      </Placemark>
      <Placemark>
        <name>Laugahraun</name>
        <styleUrl>#icon-1596-FBC02D-nodesc</styleUrl>
        <Point>
          <coordinates>
            -19.0726464,63.9885232,0
          </coordinates>
        </Point>
      </Placemark>
      <Placemark>
        <name>Hjálparfoss</name>
        <styleUrl>#icon-1892-0F9D58-nodesc</styleUrl>
        <Point>
          <coordinates>
            -19.8494937,64.1159524,0
          </coordinates>
        </Point>
      </Placemark>
      <Placemark>
        <name>Hveradalir Geothermal Area</name>
        <styleUrl>#icon-1596-097138-nodesc</styleUrl>
        <Point>
          <coordinates>
            -21.398712,64.0206617,0
          </coordinates>
        </Point>
      </Placemark>
      <Placemark>
        <name>Happy Campsite Keflavik</name>
        <styleUrl>#icon-1602-880E4F-nodesc</styleUrl>
        <Point>
          <coordinates>
            -22.5086302,63.9708032,0
          </coordinates>
        </Point>
      </Placemark>
    </Folder>
  </Document>
</kml>
